-- ============================================================
-- SCRIPT COMPLETO: SCHEMA CORREGIDO + DATOS
-- Generado automáticamente desde los Excel de matrícula 2026
-- ============================================================

-- ------------------------------------------------------------
-- EXTENSIONES
-- ------------------------------------------------------------
-- CREATE EXTENSION IF NOT EXISTS pgcrypto;

-- ------------------------------------------------------------
-- usuarios
-- ------------------------------------------------------------
CREATE TABLE IF NOT EXISTS usuarios (
  id             SERIAL       PRIMARY KEY,
  nombre_usuario VARCHAR(50)  UNIQUE NOT NULL,
  contrasena     VARCHAR(255) NOT NULL
);

-- ------------------------------------------------------------
-- niveles
-- ------------------------------------------------------------
CREATE TABLE IF NOT EXISTS niveles (
  id     SERIAL      PRIMARY KEY,
  nombre VARCHAR(50) NOT NULL,
  CONSTRAINT uq_nivel_nombre UNIQUE (nombre)
);

-- ------------------------------------------------------------
-- grados
-- ------------------------------------------------------------
CREATE TABLE IF NOT EXISTS grados (
  id       SERIAL      PRIMARY KEY,
  nivel_id INT         NOT NULL,
  nombre   VARCHAR(20) NOT NULL,
  CONSTRAINT fk_grados_nivel    FOREIGN KEY (nivel_id) REFERENCES niveles(id),
  CONSTRAINT uq_grado_por_nivel UNIQUE (nivel_id, nombre)
);

-- ------------------------------------------------------------
-- secciones
-- ------------------------------------------------------------
CREATE TABLE IF NOT EXISTS secciones (
  id       SERIAL     PRIMARY KEY,
  grado_id INT        NOT NULL,
  nombre   VARCHAR(5) NOT NULL,
  CONSTRAINT fk_secciones_grado   FOREIGN KEY (grado_id) REFERENCES grados(id),
  CONSTRAINT uq_seccion_por_grado UNIQUE (grado_id, nombre)
);

-- ------------------------------------------------------------
-- estudiantes  (DNI opcional → extranjeros sin documento)
-- Se añaden: codigo_estudiante, sexo
-- ------------------------------------------------------------
CREATE TABLE IF NOT EXISTS estudiantes (
  id                      SERIAL        PRIMARY KEY,
  codigo_estudiante       VARCHAR(20)   UNIQUE,
  apellido_paterno        VARCHAR(100),
  apellido_materno        VARCHAR(100),
  nombres                 VARCHAR(150)  NOT NULL,
  sexo                    CHAR(1),                  -- 'H' hombre / 'M' mujer
  dni                     VARCHAR(15)   UNIQUE,      -- NULL permitido (extranjeros)
  celular                 VARCHAR(15),
  email                   VARCHAR(150),
  fecha_nacimiento        DATE,
  departamento_nacimiento VARCHAR(100),
  provincia_nacimiento    VARCHAR(100),
  distrito_nacimiento     VARCHAR(100),
  domicilio               TEXT,
  reporte                 TEXT,
  egresado                BOOLEAN       DEFAULT FALSE,
  padre_dni               VARCHAR(15),
  padre_nombres           VARCHAR(150),
  padre_apellidos         VARCHAR(150),
  padre_celular           VARCHAR(15),
  madre_dni               VARCHAR(15),
  madre_nombres           VARCHAR(150),
  madre_apellidos         VARCHAR(150),
  madre_celular           VARCHAR(15)
);

-- ------------------------------------------------------------
-- anios_escolares
-- ------------------------------------------------------------
CREATE TABLE IF NOT EXISTS anios_escolares (
  id   SERIAL PRIMARY KEY,
  anio INT    UNIQUE NOT NULL
);

-- ------------------------------------------------------------
-- matriculas
-- Se añaden: estado_matricula, tipo_vacante (campos del Excel)
-- ------------------------------------------------------------
CREATE TABLE IF NOT EXISTS matriculas (
  id              SERIAL  PRIMARY KEY,
  estudiante_id   INT     NOT NULL,
  grado_id        INT     NOT NULL,
  seccion_id      INT     NOT NULL,
  anio_id         INT     NOT NULL,
  fecha_matricula DATE,
  estado_matricula VARCHAR(30) DEFAULT 'DEFINITIVA',
  tipo_vacante     VARCHAR(30),
  CONSTRAINT fk_matriculas_estudiante FOREIGN KEY (estudiante_id) REFERENCES estudiantes(id) ON DELETE CASCADE,
  CONSTRAINT fk_matriculas_grado      FOREIGN KEY (grado_id)      REFERENCES grados(id),
  CONSTRAINT fk_matriculas_seccion    FOREIGN KEY (seccion_id)    REFERENCES secciones(id),
  CONSTRAINT fk_matriculas_anio       FOREIGN KEY (anio_id)       REFERENCES anios_escolares(id),
  CONSTRAINT uq_matricula_anual       UNIQUE (estudiante_id, anio_id)
);

-- Trigger: valida que sección pertenezca al grado
CREATE OR REPLACE FUNCTION fn_validar_seccion_grado()
RETURNS TRIGGER AS $$
DECLARE v_grado INT;
BEGIN
  SELECT grado_id INTO v_grado FROM secciones WHERE id = NEW.seccion_id;
  IF v_grado IS DISTINCT FROM NEW.grado_id THEN
    RAISE EXCEPTION 'La seccion no corresponde al grado indicado.';
  END IF;
  RETURN NEW;
END;
$$ LANGUAGE plpgsql;

CREATE OR REPLACE TRIGGER trg_matricula_seccion_insert
  BEFORE INSERT ON matriculas FOR EACH ROW EXECUTE FUNCTION fn_validar_seccion_grado();

CREATE OR REPLACE TRIGGER trg_matricula_seccion_update
  BEFORE UPDATE ON matriculas FOR EACH ROW EXECUTE FUNCTION fn_validar_seccion_grado();

-- ------------------------------------------------------------
-- apoderados
-- ------------------------------------------------------------
DO $$ BEGIN
  CREATE TYPE parentesco_tipo AS ENUM (
    'padre','madre','abuelo','abuela','tio','tia',
    'hermano','hermana','tutor_legal','otro'
  );
EXCEPTION WHEN duplicate_object THEN NULL;
END $$;

CREATE TABLE IF NOT EXISTS apoderados (
  id                  SERIAL          PRIMARY KEY,
  apellido_paterno    VARCHAR(100),
  apellido_materno    VARCHAR(100),
  nombres             VARCHAR(150),
  dni                 VARCHAR(15)     UNIQUE,
  celular             VARCHAR(15),
  correo              VARCHAR(150),
  domicilio           TEXT,
  parentesco          parentesco_tipo NOT NULL DEFAULT 'otro',
  vive_con_estudiante BOOLEAN
);

-- ------------------------------------------------------------
-- estudiante_apoderado
-- ------------------------------------------------------------
CREATE TABLE IF NOT EXISTS estudiante_apoderado (
  id            SERIAL PRIMARY KEY,
  estudiante_id INT    NOT NULL,
  apoderado_id  INT    NOT NULL,
  CONSTRAINT fk_ea_estudiante FOREIGN KEY (estudiante_id) REFERENCES estudiantes(id) ON DELETE CASCADE,
  CONSTRAINT fk_ea_apoderado  FOREIGN KEY (apoderado_id)  REFERENCES apoderados(id)  ON DELETE CASCADE,
  CONSTRAINT uq_est_apoderado UNIQUE (estudiante_id, apoderado_id)
);

-- ------------------------------------------------------------
-- contacto_emergencia
-- ------------------------------------------------------------
CREATE TABLE IF NOT EXISTS contacto_emergencia (
  id             SERIAL PRIMARY KEY,
  estudiante_id  INT,
  telefono       VARCHAR(15),
  con_quien_vive TEXT,
  CONSTRAINT fk_ce_estudiante FOREIGN KEY (estudiante_id) REFERENCES estudiantes(id) ON DELETE CASCADE
);

-- ------------------------------------------------------------
-- Usuario admin por defecto
-- ------------------------------------------------------------
INSERT INTO usuarios (nombre_usuario, contrasena)
VALUES ('admin', '$2b$10$B3eRHHlkd7P9tkXiUTjcye8n6Y0c/g/ZNbhH.UR05QzX2x7U6EKtG')
ON CONFLICT (nombre_usuario) DO UPDATE SET contrasena = EXCLUDED.contrasena;

-- ============================================================
-- DATOS: niveles, grados, secciones, año escolar
-- ============================================================

INSERT INTO niveles (id, nombre) VALUES
  (1, 'PRIMARIA'),
  (2, 'SECUNDARIA')
ON CONFLICT (nombre) DO NOTHING;

INSERT INTO grados (id, nivel_id, nombre) VALUES
  (1, 1, 'CUARTO'),
  (2, 1, 'PRIMERO'),
  (3, 1, 'QUINTO'),
  (4, 1, 'SEGUNDO'),
  (5, 1, 'SEXTO'),
  (6, 1, 'TERCERO'),
  (7, 2, 'CUARTO'),
  (8, 2, 'PRIMERO'),
  (9, 2, 'QUINTO'),
  (10, 2, 'SEGUNDO'),
  (11, 2, 'TERCERO')
ON CONFLICT (nivel_id, nombre) DO NOTHING;

INSERT INTO secciones (id, grado_id, nombre) VALUES
  (1, 1, 'A'),
  (2, 1, 'B'),
  (22, 2, 'A'),
  (3, 2, 'B'),
  (4, 3, 'A'),
  (5, 3, 'B'),
  (6, 4, 'A'),
  (7, 4, 'B'),
  (8, 5, 'A'),
  (9, 5, 'B'),
  (10, 6, 'A'),
  (11, 6, 'B'),
  (12, 7, 'A'),
  (13, 7, 'B'),
  (14, 8, 'A'),
  (15, 8, 'B'),
  (16, 9, 'A'),
  (17, 9, 'B'),
  (18, 10, 'A'),
  (19, 10, 'B'),
  (20, 11, 'A'),
  (21, 11, 'B')
ON CONFLICT (grado_id, nombre) DO NOTHING;

INSERT INTO anios_escolares (id, anio) VALUES (1, 2026)
ON CONFLICT (anio) DO NOTHING;

SELECT setval('grados_id_seq', 11);
SELECT setval('secciones_id_seq', 22);
SELECT setval('anios_escolares_id_seq', 1);

-- ============================================================
-- ESTUDIANTES: PRIMARIA (202) + SECUNDARIA (255) = 457 total
-- ============================================================

-- ── PRIMARIA ────────────────────────────────────────────────
INSERT INTO estudiantes
  (id, codigo_estudiante, apellido_paterno, apellido_materno, nombres, sexo, dni,
   celular, email, fecha_nacimiento, departamento_nacimiento, provincia_nacimiento,
   distrito_nacimiento, domicilio, reporte, egresado,
   padre_dni, padre_nombres, padre_apellidos, padre_celular,
   madre_dni, madre_nombres, madre_apellidos, madre_celular)
VALUES
  (1, '24022573000050', 'CAYRO', 'MAQUERA', 'DANJHEL OSCAR', 'H', '91513516', NULL, NULL, '2019-09-01', NULL, NULL, NULL, NULL, NULL, FALSE, NULL, NULL, NULL, NULL, NULL, NULL, NULL, NULL),
  (2, '23022575500070', 'CHISI', 'GOMEZ', 'MARIA JESUS', 'M', '91571665', NULL, NULL, '2019-11-01', NULL, NULL, NULL, NULL, NULL, FALSE, NULL, NULL, NULL, NULL, NULL, NULL, NULL, NULL),
  (3, '23133881300010', 'CHOCCATA', 'HOLGUIN', 'CAMILA HAILEY', 'M', '91292504', NULL, NULL, '2019-04-24', NULL, NULL, NULL, NULL, NULL, FALSE, NULL, NULL, NULL, NULL, NULL, NULL, NULL, NULL),
  (4, '23022575500200', 'CUSILAIME', 'APAZA', 'ELIEL SAID', 'H', '91326990', NULL, NULL, '2019-05-14', NULL, NULL, NULL, NULL, NULL, FALSE, NULL, NULL, NULL, NULL, NULL, NULL, NULL, NULL),
  (5, '23145554200120', 'DAHUA', 'CCORAHUA', 'EDUARDO MATEO ERIC', 'H', '91712232', NULL, NULL, '2020-02-04', NULL, NULL, NULL, NULL, NULL, FALSE, NULL, NULL, NULL, NULL, NULL, NULL, NULL, NULL),
  (6, '23176826600010', 'HUILLCA', 'ARAGOTE', 'JHEYSON GABRIEL', 'H', '91493128', NULL, NULL, '2019-09-09', NULL, NULL, NULL, NULL, NULL, FALSE, NULL, NULL, NULL, NULL, NULL, NULL, NULL, NULL),
  (7, '20242019131444', 'ILASACA', 'PAMPA', 'ADISSON ISAÍ', 'H', '91315097', NULL, NULL, '2019-05-01', NULL, NULL, NULL, NULL, NULL, FALSE, NULL, NULL, NULL, NULL, NULL, NULL, NULL, NULL),
  (8, '23022575500030', 'MADARIAGA', 'YDME', 'THIAGO VALENTIN', 'H', '91624993', NULL, NULL, '2019-12-07', NULL, NULL, NULL, NULL, NULL, FALSE, NULL, NULL, NULL, NULL, NULL, NULL, NULL, NULL),
  (9, '20242019111908', 'OVIEDO', 'FERNÁNDEZ', 'DENNYSMAR DEL VALLE', 'M', NULL, NULL, NULL, '2019-09-26', NULL, NULL, NULL, NULL, NULL, FALSE, NULL, NULL, NULL, NULL, NULL, NULL, NULL, NULL),
  (10, '23022551600240', 'PACCO', 'QUISPE', 'ALICE DÁNAE', 'M', '91347607', NULL, NULL, '2019-05-28', NULL, NULL, NULL, NULL, NULL, FALSE, NULL, NULL, NULL, NULL, NULL, NULL, NULL, NULL),
  (11, '23022575500060', 'PIZARRO', 'VILCAPAZA', 'JOSHUA EMANUEL', 'H', '91657607', NULL, NULL, '2019-12-30', NULL, NULL, NULL, NULL, NULL, FALSE, NULL, NULL, NULL, NULL, NULL, NULL, NULL, NULL),
  (12, '23022551600110', 'QUEA', 'BEDOYA', 'SEGUNDO VALENTINO', 'H', '91666694', NULL, NULL, '2020-01-05', NULL, NULL, NULL, NULL, NULL, FALSE, NULL, NULL, NULL, NULL, NULL, NULL, NULL, NULL),
  (13, '23022568000990', 'QUISPE', 'MAMANI', 'BRIGUITTE DIANA', 'M', '91641038', NULL, NULL, '2019-12-06', NULL, NULL, NULL, NULL, NULL, FALSE, NULL, NULL, NULL, NULL, NULL, NULL, NULL, NULL),
  (14, '23022575500050', 'RAMOS', 'CCOTO', 'CAMILA NAISHA', 'M', '91373231', NULL, NULL, '2019-06-09', NULL, NULL, NULL, NULL, NULL, FALSE, NULL, NULL, NULL, NULL, NULL, NULL, NULL, NULL),
  (15, '23052398500020', 'RIVERA', 'CALCINA', 'THIAGO JEYKO', 'H', '91686664', NULL, NULL, '2020-01-18', NULL, NULL, NULL, NULL, NULL, FALSE, NULL, NULL, NULL, NULL, NULL, NULL, NULL, NULL),
  (16, '24123947400010', 'ROA', 'SUCASAIRE', 'DYLAN ADRIANO', 'H', '91774681', NULL, NULL, '2020-03-14', NULL, NULL, NULL, NULL, NULL, FALSE, NULL, NULL, NULL, NULL, NULL, NULL, NULL, NULL),
  (17, '24022508600190', 'RUIZ', 'BRACAMONTE', 'ENRIQUE RAFAEL', 'H', '91757364', NULL, NULL, '2020-03-04', NULL, NULL, NULL, NULL, NULL, FALSE, NULL, NULL, NULL, NULL, NULL, NULL, NULL, NULL),
  (18, '00000080790672', 'SEDANO', 'QUISPE', 'JHON ANDERZON', 'H', '80790672', NULL, NULL, '2019-07-13', NULL, NULL, NULL, NULL, NULL, FALSE, NULL, NULL, NULL, NULL, NULL, NULL, NULL, NULL),
  (19, '23089348700180', 'TIPO', 'PACHA', 'FABIANA ALESSIA', 'M', '91434130', NULL, NULL, '2019-07-30', NULL, NULL, NULL, NULL, NULL, FALSE, NULL, NULL, NULL, NULL, NULL, NULL, NULL, NULL),
  (20, '00000091189284', 'ALARCON', 'VARGAS', 'HELIO ZAID', 'H', '91189284', NULL, NULL, '2019-02-17', NULL, NULL, NULL, NULL, NULL, FALSE, NULL, NULL, NULL, NULL, NULL, NULL, NULL, NULL),
  (21, '22072323900198', 'AUQUILLA', 'FONSECA', 'LUANA CRISTAL', 'M', '90829887', NULL, NULL, '2018-06-12', NULL, NULL, NULL, NULL, NULL, FALSE, NULL, NULL, NULL, NULL, NULL, NULL, NULL, NULL),
  (22, '00000091042025', 'AVILA', 'USKA', 'LIAM MAEL', 'H', '91042025', NULL, NULL, '2018-10-15', NULL, NULL, NULL, NULL, NULL, FALSE, NULL, NULL, NULL, NULL, NULL, NULL, NULL, NULL),
  (23, '23123948200010', 'CAMACHO', 'QQUECCAÑO', 'AILÉN KIMBERLY', 'M', '91099470', NULL, NULL, '2018-12-14', NULL, NULL, NULL, NULL, NULL, FALSE, NULL, NULL, NULL, NULL, NULL, NULL, NULL, NULL),
  (24, '00000090971291', 'CANALES', 'ORMACHEA', 'EMILIA BETSABÉ', 'M', '90971291', NULL, NULL, '2018-08-24', NULL, NULL, NULL, NULL, NULL, FALSE, NULL, NULL, NULL, NULL, NULL, NULL, NULL, NULL),
  (25, '23022573000050', 'COLQUE', 'TUNQUI', 'VALERIA NATHALY', 'M', '91114071', NULL, NULL, '2018-12-27', NULL, NULL, NULL, NULL, NULL, FALSE, NULL, NULL, NULL, NULL, NULL, NULL, NULL, NULL),
  (26, '00000091245826', 'CUNO', 'PALOMINO', 'SUHAIL YEONGSU', 'M', '91245826', NULL, NULL, '2019-03-23', NULL, NULL, NULL, NULL, NULL, FALSE, NULL, NULL, NULL, NULL, NULL, NULL, NULL, NULL),
  (27, '25021929500020', 'DELGADO', 'SOTO', 'YOCKZIN ALEJANDRO', 'H', NULL, NULL, NULL, '2017-05-25', NULL, NULL, NULL, NULL, NULL, FALSE, NULL, NULL, NULL, NULL, NULL, NULL, NULL, NULL),
  (28, '00000090243966', 'FRISANCHO', 'MEDINA', 'LUANA KALIESCA', 'M', '90243966', NULL, NULL, '2017-05-28', NULL, NULL, NULL, NULL, NULL, FALSE, NULL, NULL, NULL, NULL, NULL, NULL, NULL, NULL),
  (29, '23145554200150', 'LOPEZ', 'MAMANI', 'MILAN GAEL', 'H', '91564605', NULL, NULL, '2019-01-28', NULL, NULL, NULL, NULL, NULL, FALSE, NULL, NULL, NULL, NULL, NULL, NULL, NULL, NULL),
  (30, '00000091248050', 'MACHACA', 'COTRADO', 'LIZ DANA', 'M', '91248050', NULL, NULL, '2019-03-24', NULL, NULL, NULL, NULL, NULL, FALSE, NULL, NULL, NULL, NULL, NULL, NULL, NULL, NULL),
  (31, '22132783200030', 'MAQQUERA', 'APAZA', 'MEREDITH APRIL', 'M', '90714928', NULL, NULL, '2018-04-04', NULL, NULL, NULL, NULL, NULL, FALSE, NULL, NULL, NULL, NULL, NULL, NULL, NULL, NULL),
  (32, '00000090656744', 'RIVERA', 'CALCINA', 'JOSHUA GUSTAVO', 'H', '90656744', NULL, NULL, '2018-02-21', NULL, NULL, NULL, NULL, NULL, FALSE, NULL, NULL, NULL, NULL, NULL, NULL, NULL, NULL),
  (33, '25021929500010', 'ROSALES', 'VARGAS', 'ALESKA SOPHIA', 'M', NULL, NULL, NULL, '2018-12-03', NULL, NULL, NULL, NULL, NULL, FALSE, NULL, NULL, NULL, NULL, NULL, NULL, NULL, NULL),
  (34, '21165543000028', 'SEDANO', 'QUISPE', 'YHONIOR', 'H', '80790667', NULL, NULL, '2017-07-26', NULL, NULL, NULL, NULL, NULL, FALSE, NULL, NULL, NULL, NULL, NULL, NULL, NULL, NULL),
  (35, '00000090887365', 'TORRES', 'CADENAS', 'FABIANA NOHELEE', 'M', '90887365', NULL, NULL, '2018-07-29', NULL, NULL, NULL, NULL, NULL, FALSE, NULL, NULL, NULL, NULL, NULL, NULL, NULL, NULL),
  (36, '20242018132500', 'ANCCORI', 'CCOLQUE', 'THAIS ELIETH', 'M', '90884751', NULL, NULL, '2018-07-24', NULL, NULL, NULL, NULL, NULL, FALSE, NULL, NULL, NULL, NULL, NULL, NULL, NULL, NULL),
  (37, '00000090949615', 'CCANSAYA', 'HOLGUIN', 'FREDY EVERT', 'H', '90949615', NULL, NULL, '2018-09-05', NULL, NULL, NULL, NULL, NULL, FALSE, NULL, NULL, NULL, NULL, NULL, NULL, NULL, NULL),
  (38, '22022575500028', 'COAQUIRA', 'GUTIERREZ', 'BRAND EZIO', 'H', '90835578', NULL, NULL, '2018-06-19', NULL, NULL, NULL, NULL, NULL, FALSE, NULL, NULL, NULL, NULL, NULL, NULL, NULL, NULL),
  (39, '23145554200020', 'CONDORI', 'PUMA', 'REY DAVID', 'H', '91191726', NULL, NULL, '2019-02-15', NULL, NULL, NULL, NULL, NULL, FALSE, NULL, NULL, NULL, NULL, NULL, NULL, NULL, NULL),
  (40, '00000090956976', 'HERRERA', 'VENTURA', 'TAISSA CHRISTHELL', 'M', '90956976', NULL, NULL, '2018-08-23', NULL, NULL, NULL, NULL, NULL, FALSE, NULL, NULL, NULL, NULL, NULL, NULL, NULL, NULL),
  (41, '22022575500108', 'HUAMAN', 'AMANQUI', 'THIAGO DONATITO', 'H', '90928484', NULL, NULL, '2018-08-23', NULL, NULL, NULL, NULL, NULL, FALSE, NULL, NULL, NULL, NULL, NULL, NULL, NULL, NULL),
  (42, '23048661300100', 'JARA', 'ZAPATA', 'LEE JANG DAYIRO', 'H', '90742174', NULL, NULL, '2018-04-24', NULL, NULL, NULL, NULL, NULL, FALSE, NULL, NULL, NULL, NULL, NULL, NULL, NULL, NULL),
  (43, '00000090212355', 'MENDOZA', 'LAZARO', 'JOSHUÉ MANUEL', 'H', '90212355', NULL, NULL, '2017-05-09', NULL, NULL, NULL, NULL, NULL, FALSE, NULL, NULL, NULL, NULL, NULL, NULL, NULL, NULL),
  (44, '00000090874795', 'RIOS', 'VILCA', 'ANTONIO THIAGO', 'H', '90874795', NULL, NULL, '2018-07-13', NULL, NULL, NULL, NULL, NULL, FALSE, NULL, NULL, NULL, NULL, NULL, NULL, NULL, NULL),
  (45, '00000090984544', 'TICAHUANCA', 'MERLIN', 'MESLY AYDE', 'M', '90984544', NULL, NULL, '2018-10-01', NULL, NULL, NULL, NULL, NULL, FALSE, NULL, NULL, NULL, NULL, NULL, NULL, NULL, NULL),
  (46, '23133881300070', 'VENTURA', 'MACHACA', 'LIAM ULISES', 'H', '90799634', NULL, NULL, '2018-05-26', NULL, NULL, NULL, NULL, NULL, FALSE, NULL, NULL, NULL, NULL, NULL, NULL, NULL, NULL),
  (47, '23022575500230', 'YUCRA', 'HUALLPA', 'LIZBETH DIANA', 'M', '91026479', NULL, NULL, '2018-10-28', NULL, NULL, NULL, NULL, NULL, FALSE, NULL, NULL, NULL, NULL, NULL, NULL, NULL, NULL),
  (48, '00000090416988', 'BARRIENTOS', 'MACHACCA', 'BRIANA XIOMARA', 'M', '90416988', NULL, NULL, '2017-09-08', NULL, NULL, NULL, NULL, NULL, FALSE, NULL, NULL, NULL, NULL, NULL, NULL, NULL, NULL),
  (49, '00000090207203', 'CARLOS', 'QUISPE', 'SEBASTIAN SAUL', 'H', '90207203', NULL, NULL, '2017-04-23', NULL, NULL, NULL, NULL, NULL, FALSE, NULL, NULL, NULL, NULL, NULL, NULL, NULL, NULL),
  (50, '22022575500218', 'CHURA', 'BELIZARIO', 'ALLISON ARIANA', 'M', '90704175', NULL, NULL, '2018-03-31', NULL, NULL, NULL, NULL, NULL, FALSE, NULL, NULL, NULL, NULL, NULL, NULL, NULL, NULL),
  (51, '23152885000020', 'CONDORI', 'PACHECO', 'GAEL SANTOS', 'H', '90704915', NULL, NULL, '2018-03-31', NULL, NULL, NULL, NULL, NULL, FALSE, NULL, NULL, NULL, NULL, NULL, NULL, NULL, NULL),
  (52, '21022575500048', 'CORDOVA', 'ALARCON', 'JAZMIN ALEXSIA', 'M', '90697250', NULL, NULL, '2018-03-24', NULL, NULL, NULL, NULL, NULL, FALSE, NULL, NULL, NULL, NULL, NULL, NULL, NULL, NULL),
  (53, '00000090429059', 'DAVILA', 'HUMPIRI', 'SERGIO MATEO', 'H', '90429059', NULL, NULL, '2017-06-21', NULL, NULL, NULL, NULL, NULL, FALSE, NULL, NULL, NULL, NULL, NULL, NULL, NULL, NULL),
  (54, '21391403700608', 'GOMEZ', 'QUISPE', 'SANTIAGO ALONSO', 'H', '90453369', NULL, NULL, '2017-08-10', NULL, NULL, NULL, NULL, NULL, FALSE, NULL, NULL, NULL, NULL, NULL, NULL, NULL, NULL),
  (55, '19395687000048', 'GONZALES', 'APAZA', 'LUIS FERNANDO', 'H', '90478120', NULL, NULL, '2017-11-03', NULL, NULL, NULL, NULL, NULL, FALSE, NULL, NULL, NULL, NULL, NULL, NULL, NULL, NULL),
  (56, '00000090525485', 'MALLMA', 'MAZA', 'ANGELA ROMINA', 'M', '90525485', NULL, NULL, '2017-11-30', NULL, NULL, NULL, NULL, NULL, FALSE, NULL, NULL, NULL, NULL, NULL, NULL, NULL, NULL),
  (57, '00000090260838', 'MAMANI', 'ARAPA', 'ALEXIS DAVID', 'H', '90260838', NULL, NULL, '2017-06-07', NULL, NULL, NULL, NULL, NULL, FALSE, NULL, NULL, NULL, NULL, NULL, NULL, NULL, NULL),
  (58, '21170577100028', 'MAMANI', 'JARA', 'EDMIT MOISES', 'H', '90243932', NULL, NULL, '2017-05-28', NULL, NULL, NULL, NULL, NULL, FALSE, NULL, NULL, NULL, NULL, NULL, NULL, NULL, NULL),
  (59, '00000090584697', 'MAMANI', 'MACEDO', 'ERICK ENRIQUE', 'H', '90584697', NULL, NULL, '2018-01-14', NULL, NULL, NULL, NULL, NULL, FALSE, NULL, NULL, NULL, NULL, NULL, NULL, NULL, NULL),
  (60, '21169409000018', 'ORDOÑEZ', 'CALDERON', 'BRIDNY ANYELY', 'M', '90294284', NULL, NULL, '2017-07-01', NULL, NULL, NULL, NULL, NULL, FALSE, NULL, NULL, NULL, NULL, NULL, NULL, NULL, NULL),
  (61, '21115237000018', 'PIZANGO', 'GEMAN', 'LUCIA KATTANIA', 'M', '90241540', NULL, NULL, '2017-05-29', NULL, NULL, NULL, NULL, NULL, FALSE, NULL, NULL, NULL, NULL, NULL, NULL, NULL, NULL),
  (62, '21103159000258', 'QUISPE', 'BELIZARIO', 'DYLAN RODRIGO', 'H', '90649467', NULL, NULL, '2018-02-06', NULL, NULL, NULL, NULL, NULL, FALSE, NULL, NULL, NULL, NULL, NULL, NULL, NULL, NULL),
  (63, '00000090196369', 'ROJAS', 'LOPEZ', 'KENETH YHAMIR', 'H', '90196369', NULL, NULL, '2017-05-01', NULL, NULL, NULL, NULL, NULL, FALSE, NULL, NULL, NULL, NULL, NULL, NULL, NULL, NULL),
  (64, '00000090561391', 'VILCA', 'CONDORI', 'SANTIAGO PATRICIO', 'H', '90561391', NULL, NULL, '2017-12-26', NULL, NULL, NULL, NULL, NULL, FALSE, NULL, NULL, NULL, NULL, NULL, NULL, NULL, NULL),
  (65, '21022575500018', 'ALFERES', 'TOROCAHUA', 'MATEO RUBEN', 'H', '90418476', NULL, NULL, '2017-09-14', NULL, NULL, NULL, NULL, NULL, FALSE, NULL, NULL, NULL, NULL, NULL, NULL, NULL, NULL),
  (66, '00000090457889', 'BERNAL', 'ESPINOZA', 'ABIGAIL MILENA', 'M', '90457889', NULL, NULL, '2017-10-20', NULL, NULL, NULL, NULL, NULL, FALSE, NULL, NULL, NULL, NULL, NULL, NULL, NULL, NULL),
  (67, '20242017112509', 'BOLIVAR', 'DIAZ', 'VICTORIA ALEJANDRA', 'M', NULL, NULL, NULL, '2017-04-30', NULL, NULL, NULL, NULL, NULL, FALSE, NULL, NULL, NULL, NULL, NULL, NULL, NULL, NULL),
  (68, '00000090562326', 'CCACCASACA', 'FOLLANO', 'LUZ MASHIEL', 'M', '90562326', NULL, NULL, '2018-01-02', NULL, NULL, NULL, NULL, NULL, FALSE, NULL, NULL, NULL, NULL, NULL, NULL, NULL, NULL),
  (69, '00000090221665', 'CISNEROS', 'ARANDA', 'FERNANDA ELIZABETH', 'M', '90221665', NULL, NULL, '2017-05-14', NULL, NULL, NULL, NULL, NULL, FALSE, NULL, NULL, NULL, NULL, NULL, NULL, NULL, NULL),
  (70, '00000081386087', 'CRISPIN', 'SULLCARAY', 'JHOANNA LIZ', 'M', '81386087', NULL, NULL, '2017-09-07', NULL, NULL, NULL, NULL, NULL, FALSE, NULL, NULL, NULL, NULL, NULL, NULL, NULL, NULL),
  (71, '00000090487864', 'DELGADO', 'FLORES', 'LENA CRISTINE', 'M', '90487864', NULL, NULL, '2017-11-05', NULL, NULL, NULL, NULL, NULL, FALSE, NULL, NULL, NULL, NULL, NULL, NULL, NULL, NULL),
  (72, '00000090207555', 'HUAYLLAPUMA', 'BUSTINCIO', 'DOMINIC LIONEL', 'H', '90207555', NULL, NULL, '2017-05-04', NULL, NULL, NULL, NULL, NULL, FALSE, NULL, NULL, NULL, NULL, NULL, NULL, NULL, NULL),
  (73, '21022575500078', 'HUILLCA', 'VILCA', 'SALOMON ISAI', 'H', '90389917', NULL, NULL, '2017-08-16', NULL, NULL, NULL, NULL, NULL, FALSE, NULL, NULL, NULL, NULL, NULL, NULL, NULL, NULL),
  (74, '22170056600030', 'MAMANI', 'JILAJA', 'CRISTIAN LIONEL', 'H', '90479331', NULL, NULL, '2017-10-11', NULL, NULL, NULL, NULL, NULL, FALSE, NULL, NULL, NULL, NULL, NULL, NULL, NULL, NULL),
  (75, '23133859900250', 'MAMANI', 'PACCO', 'DYLAN BENJAMIN', 'H', '90391809', NULL, NULL, '2017-08-28', NULL, NULL, NULL, NULL, NULL, FALSE, NULL, NULL, NULL, NULL, NULL, NULL, NULL, NULL),
  (76, '22089306500068', 'MIRANDA', 'FERNANDEZ', 'ZULLY NOEMI', 'M', '92572417', NULL, NULL, '2017-08-15', NULL, NULL, NULL, NULL, NULL, FALSE, NULL, NULL, NULL, NULL, NULL, NULL, NULL, NULL),
  (77, '00000090544034', 'PACCO', 'LLAMOCA', 'THAIS SHARUMY', 'M', '90544034', NULL, NULL, '2017-12-15', NULL, NULL, NULL, NULL, NULL, FALSE, NULL, NULL, NULL, NULL, NULL, NULL, NULL, NULL),
  (78, '00000090213210', 'QUISPE', 'QUISPE', 'OLIVER LIAN', 'H', '90213210', NULL, NULL, '2017-05-02', NULL, NULL, NULL, NULL, NULL, FALSE, NULL, NULL, NULL, NULL, NULL, NULL, NULL, NULL),
  (79, '00000090298627', 'SEVILLANOS', 'RODRIGO', 'ZULEMA THAYSA', 'M', '90298627', NULL, NULL, '2017-07-05', NULL, NULL, NULL, NULL, NULL, FALSE, NULL, NULL, NULL, NULL, NULL, NULL, NULL, NULL),
  (80, '00000081386086', 'SULLCARAY', 'TAIPE', 'SHEYLA ROSMERI', 'M', '81386086', NULL, NULL, '2017-07-21', NULL, NULL, NULL, NULL, NULL, FALSE, NULL, NULL, NULL, NULL, NULL, NULL, NULL, NULL),
  (81, '00000079881852', 'ANCULLE', 'CAMARGO', 'MARIA FERNANDA', 'M', '79881852', NULL, NULL, '2016-09-04', NULL, NULL, NULL, NULL, NULL, FALSE, NULL, NULL, NULL, NULL, NULL, NULL, NULL, NULL),
  (82, '00000079996790', 'APAZA', 'HUACO', 'ALONDRA SAMIRA', 'M', '79996790', NULL, NULL, '2016-12-24', NULL, NULL, NULL, NULL, NULL, FALSE, NULL, NULL, NULL, NULL, NULL, NULL, NULL, NULL),
  (83, '00000079562178', 'CANALES', 'ORMACHEA', 'DANIELA SOFIA', 'M', '79562178', NULL, NULL, '2016-02-17', NULL, NULL, NULL, NULL, NULL, FALSE, NULL, NULL, NULL, NULL, NULL, NULL, NULL, NULL),
  (84, '00000079854920', 'CHAMBI', 'HUAMAN', 'EIMY MADELEYNE', 'M', '79854920', NULL, NULL, '2016-09-14', NULL, NULL, NULL, NULL, NULL, FALSE, NULL, NULL, NULL, NULL, NULL, NULL, NULL, NULL),
  (85, '21022575500208', 'CHIPA', 'HUAMANI', 'LUIS DANIEL', 'H', '79734408', NULL, NULL, '2016-06-18', NULL, NULL, NULL, NULL, NULL, FALSE, NULL, NULL, NULL, NULL, NULL, NULL, NULL, NULL),
  (86, '20022575500038', 'CONDORI', 'CARY', 'ARJEN NALDO', 'H', '79816357', NULL, NULL, '2016-08-20', NULL, NULL, NULL, NULL, NULL, FALSE, NULL, NULL, NULL, NULL, NULL, NULL, NULL, NULL),
  (87, '00000079850175', 'CONDORI', 'DIAZ', 'ELIZABETH RIHANA', 'M', '79850175', NULL, NULL, '2016-09-13', NULL, NULL, NULL, NULL, NULL, FALSE, NULL, NULL, NULL, NULL, NULL, NULL, NULL, NULL),
  (88, '20022575500058', 'CUTI', 'HUILLCA', 'THIAGO JEAN PIERRE', 'H', '79751714', NULL, NULL, '2016-06-10', NULL, NULL, NULL, NULL, NULL, FALSE, NULL, NULL, NULL, NULL, NULL, NULL, NULL, NULL),
  (89, '23076317700040', 'MARTINEZ', 'MEJIAS', 'SAMUEL JESUS', 'H', NULL, NULL, NULL, '2015-08-10', NULL, NULL, NULL, NULL, NULL, FALSE, NULL, NULL, NULL, NULL, NULL, NULL, NULL, NULL),
  (90, '00000081630580', 'MENDOZA', 'LAZARO', 'JOSHUA CALEB', 'H', '81630580', NULL, NULL, '2015-09-01', NULL, NULL, NULL, NULL, NULL, FALSE, NULL, NULL, NULL, NULL, NULL, NULL, NULL, NULL),
  (91, '00000079979480', 'PACCO', 'CCANCHILLO', 'ASHLY ANDREA', 'M', '79979480', NULL, NULL, '2016-12-04', NULL, NULL, NULL, NULL, NULL, FALSE, NULL, NULL, NULL, NULL, NULL, NULL, NULL, NULL),
  (92, '00000079836890', 'PEÑA', 'VALVERDE', 'ANAHI AMANDA', 'M', '79836890', NULL, NULL, '2016-09-03', NULL, NULL, NULL, NULL, NULL, FALSE, NULL, NULL, NULL, NULL, NULL, NULL, NULL, NULL),
  (93, '20022575500148', 'PONCE', 'BEDOYA', 'MARIA DEL PILAR ROSANGELA', 'M', '79745967', NULL, NULL, '2016-07-04', NULL, NULL, NULL, NULL, NULL, FALSE, NULL, NULL, NULL, NULL, NULL, NULL, NULL, NULL),
  (94, '00000079710259', 'QUISPE', 'VALENCIA', 'ADRIANA ABIGAIL', 'M', '79710259', NULL, NULL, '2016-06-11', NULL, NULL, NULL, NULL, NULL, FALSE, NULL, NULL, NULL, NULL, NULL, NULL, NULL, NULL),
  (95, '20157567900038', 'RODRIGUEZ', 'ANCO', 'KALEB YEREMY JUNIOR', 'H', '79973041', NULL, NULL, '2016-11-20', NULL, NULL, NULL, NULL, NULL, FALSE, NULL, NULL, NULL, NULL, NULL, NULL, NULL, NULL),
  (96, '00000079994340', 'SEDANO', 'REGINALDO', 'JINIA ZOLYMAR', 'M', '79994340', NULL, NULL, '2016-12-23', NULL, NULL, NULL, NULL, NULL, FALSE, NULL, NULL, NULL, NULL, NULL, NULL, NULL, NULL),
  (97, '00000090058648', 'SULLCA', 'HANCCO', 'CHRISTIAN SAUL', 'H', '90058648', NULL, NULL, '2017-02-03', NULL, NULL, NULL, NULL, NULL, FALSE, NULL, NULL, NULL, NULL, NULL, NULL, NULL, NULL),
  (98, '00000090128319', 'UGARTE', 'SUNE', 'MILETT LUANA', 'M', '90128319', NULL, NULL, '2017-03-17', NULL, NULL, NULL, NULL, NULL, FALSE, NULL, NULL, NULL, NULL, NULL, NULL, NULL, NULL),
  (99, '21137337200028', 'ACHULLI', 'RODRIGO', 'VALENTINA CRISTEL', 'M', '79705436', NULL, NULL, '2016-05-11', NULL, NULL, NULL, NULL, NULL, FALSE, NULL, NULL, NULL, NULL, NULL, NULL, NULL, NULL),
  (100, '00000079898105', 'ANCCORI', 'CCOLQUE', 'DAIRA SHANTALE', 'M', '79898105', NULL, NULL, '2016-10-12', NULL, NULL, NULL, NULL, NULL, FALSE, NULL, NULL, NULL, NULL, NULL, NULL, NULL, NULL),
  (101, '23021929500110', 'CARDOZO', 'BOLIVAR', 'ASHLEY VALENTINA', 'M', NULL, NULL, NULL, '2016-07-08', NULL, NULL, NULL, NULL, NULL, FALSE, NULL, NULL, NULL, NULL, NULL, NULL, NULL, NULL),
  (102, '00000079864145', 'CHOQUEHUANCA', 'SUMIRE', 'JHOSEP ALEXANDER', 'H', '79864145', NULL, NULL, '2016-09-20', NULL, NULL, NULL, NULL, NULL, FALSE, NULL, NULL, NULL, NULL, NULL, NULL, NULL, NULL),
  (103, '00000090981845', 'CHUMBES', 'SERRANO', 'YAIR JUNIOR', 'H', '90981845', NULL, NULL, '2017-03-28', NULL, NULL, NULL, NULL, NULL, FALSE, NULL, NULL, NULL, NULL, NULL, NULL, NULL, NULL),
  (104, '21072301500078', 'CONTRERAS', 'SANTILLANA', 'BRIANNA VALERIA', 'M', '90069728', NULL, NULL, '2017-02-02', NULL, NULL, NULL, NULL, NULL, FALSE, NULL, NULL, NULL, NULL, NULL, NULL, NULL, NULL),
  (105, '00000079647699', 'FAIJO', 'OVANDO', 'ADELIZ', 'M', '79647699', NULL, NULL, '2016-04-26', NULL, NULL, NULL, NULL, NULL, FALSE, NULL, NULL, NULL, NULL, NULL, NULL, NULL, NULL),
  (106, '00000079884929', 'GÜERE', 'HUARCA', 'BERNHARD NEYTAN', 'H', '79884929', NULL, NULL, '2016-10-01', NULL, NULL, NULL, NULL, NULL, FALSE, NULL, NULL, NULL, NULL, NULL, NULL, NULL, NULL),
  (107, '20244460800078', 'HUALLPA', 'MALLMA', 'THIAGO MATHIAS', 'H', '79878370', NULL, NULL, '2016-09-28', NULL, NULL, NULL, NULL, NULL, FALSE, NULL, NULL, NULL, NULL, NULL, NULL, NULL, NULL),
  (108, '21089411300018', 'HUANACUNI', 'HUAMAN', 'ARIANA ASENET', 'M', '90058572', NULL, NULL, '2017-01-26', NULL, NULL, NULL, NULL, NULL, FALSE, NULL, NULL, NULL, NULL, NULL, NULL, NULL, NULL),
  (109, '00000090059387', 'MACHACA', 'MAMANI', 'HABBIE LUANA', 'M', '90059387', NULL, NULL, '2017-01-17', NULL, NULL, NULL, NULL, NULL, FALSE, NULL, NULL, NULL, NULL, NULL, NULL, NULL, NULL),
  (110, '20022575500108', 'MAMANI', 'AGUIRRE', 'JHON PATRICIO', 'H', '90032168', NULL, NULL, '2017-01-10', NULL, NULL, NULL, NULL, NULL, FALSE, NULL, NULL, NULL, NULL, NULL, NULL, NULL, NULL),
  (111, '00000090002899', 'MIRANDA', 'RODRIGUEZ', 'IAN ADRIEL KEFREN', 'H', '90002899', NULL, NULL, '2016-12-28', NULL, NULL, NULL, NULL, NULL, FALSE, NULL, NULL, NULL, NULL, NULL, NULL, NULL, NULL),
  (112, '23055635700050', 'PACHECO', 'RANGEL', 'JORGE', 'H', '002510532', NULL, NULL, '2016-04-07', NULL, NULL, NULL, NULL, NULL, FALSE, NULL, NULL, NULL, NULL, NULL, NULL, NULL, NULL),
  (113, '00000079648436', 'PANDIA', 'PARICAHUA', 'BRYSSNEY MERLYN', 'M', '79648436', NULL, NULL, '2016-04-29', NULL, NULL, NULL, NULL, NULL, FALSE, NULL, NULL, NULL, NULL, NULL, NULL, NULL, NULL),
  (114, '00000090001791', 'PROVINCIA', 'CHUQUIMAMANI', 'ESTEBAN GAEL', 'H', '90001791', NULL, NULL, '2016-12-27', NULL, NULL, NULL, NULL, NULL, FALSE, NULL, NULL, NULL, NULL, NULL, NULL, NULL, NULL),
  (115, '00000090050322', 'QUISPE', 'HOLGUIN', 'DIEGO JAEL', 'H', '90050322', NULL, NULL, '2017-01-28', NULL, NULL, NULL, NULL, NULL, FALSE, NULL, NULL, NULL, NULL, NULL, NULL, NULL, NULL),
  (116, '22157461500018', 'SEGOVIA', 'ARIAS', 'KEILLER JHOAN', 'H', NULL, NULL, NULL, '2016-08-15', NULL, NULL, NULL, NULL, NULL, FALSE, NULL, NULL, NULL, NULL, NULL, NULL, NULL, NULL),
  (117, '21177297900038', 'YUJRA', 'INCACUTIPA', 'LUIS ANTHONY', 'H', '79783432', NULL, NULL, '2016-08-01', NULL, NULL, NULL, NULL, NULL, FALSE, NULL, NULL, NULL, NULL, NULL, NULL, NULL, NULL),
  (118, '00000079977015', 'ZAMATA', 'LAGOS', 'ESTEFANY YAMILETT', 'M', '79977015', NULL, NULL, '2016-11-30', NULL, NULL, NULL, NULL, NULL, FALSE, NULL, NULL, NULL, NULL, NULL, NULL, NULL, NULL),
  (119, '00000079487332', 'ARCE', 'QUISPE', 'MIGUEL ANGEL MATEO', 'H', '79487332', NULL, NULL, '2016-01-22', NULL, NULL, NULL, NULL, NULL, FALSE, NULL, NULL, NULL, NULL, NULL, NULL, NULL, NULL),
  (120, '00000079252941', 'BALBIN', 'AGÜERO', 'ALIZZ STHEFANI', 'M', '79252941', NULL, NULL, '2015-08-17', NULL, NULL, NULL, NULL, NULL, FALSE, NULL, NULL, NULL, NULL, NULL, NULL, NULL, NULL),
  (121, '00000079677980', 'CHAVEZ', 'CONDORI', 'CARLOS NARCISO', 'H', '79677980', NULL, NULL, '2015-08-13', NULL, NULL, NULL, NULL, NULL, FALSE, NULL, NULL, NULL, NULL, NULL, NULL, NULL, NULL),
  (122, '00000079436436', 'CONDORI', 'PUMA', 'NEYMAR WILLIAN', 'H', '79436436', NULL, NULL, '2015-12-06', NULL, NULL, NULL, NULL, NULL, FALSE, NULL, NULL, NULL, NULL, NULL, NULL, NULL, NULL),
  (123, '19022575500048', 'CORDOVA', 'ALARCON', 'DALESKA FERNANDA', 'M', '79192119', NULL, NULL, '2015-06-22', NULL, NULL, NULL, NULL, NULL, FALSE, NULL, NULL, NULL, NULL, NULL, NULL, NULL, NULL),
  (124, '00000090223138', 'CORNEJO', 'HUILLCA', 'SILA DAYANA', 'M', '90223138', NULL, NULL, '2015-09-19', NULL, NULL, NULL, NULL, NULL, FALSE, NULL, NULL, NULL, NULL, NULL, NULL, NULL, NULL),
  (125, '25021929500040', 'DIAZ', 'VIERA', 'LUIS MANUEL', 'H', NULL, NULL, NULL, '2016-01-12', NULL, NULL, NULL, NULL, NULL, FALSE, NULL, NULL, NULL, NULL, NULL, NULL, NULL, NULL),
  (126, '19022575500078', 'FIGUEROA', 'GOMEZ', 'ALEJANDRO SEBASTIAN', 'H', '81629452', NULL, NULL, '2015-05-27', NULL, NULL, NULL, NULL, NULL, FALSE, NULL, NULL, NULL, NULL, NULL, NULL, NULL, NULL),
  (127, '00000079417320', 'FRISANCHO', 'MEDINA', 'PABLO ESTEFANO', 'H', '79417320', NULL, NULL, '2015-11-26', NULL, NULL, NULL, NULL, NULL, FALSE, NULL, NULL, NULL, NULL, NULL, NULL, NULL, NULL),
  (128, '00000079426747', 'HEREDIA', 'MONTESINOS', 'EDUARDO PAOLO', 'H', '79426747', NULL, NULL, '2015-10-30', NULL, NULL, NULL, NULL, NULL, FALSE, NULL, NULL, NULL, NULL, NULL, NULL, NULL, NULL),
  (129, '00000079141369', 'HUAMAN', 'SILUPU', 'JOAQUIN ALADINO', 'H', '79141369', NULL, NULL, '2015-05-28', NULL, NULL, NULL, NULL, NULL, FALSE, NULL, NULL, NULL, NULL, NULL, NULL, NULL, NULL),
  (130, '00000081629231', 'HUAYHUA', 'CCORAHUA', 'LIONO ANDRIW SANTIAGO', 'H', '81629231', NULL, NULL, '2015-05-17', NULL, NULL, NULL, NULL, NULL, FALSE, NULL, NULL, NULL, NULL, NULL, NULL, NULL, NULL),
  (131, '18164204000058', 'MENDOZA', 'SERRANO', 'EDDY GABRIEL', 'H', '81648405', NULL, NULL, '2014-08-13', NULL, NULL, NULL, NULL, NULL, FALSE, NULL, NULL, NULL, NULL, NULL, NULL, NULL, NULL),
  (132, '00000079579451', 'MIRANDA', 'CONDORI', 'KARELY ROSABEL', 'M', '79579451', NULL, NULL, '2016-03-20', NULL, NULL, NULL, NULL, NULL, FALSE, NULL, NULL, NULL, NULL, NULL, NULL, NULL, NULL),
  (133, '19022575500148', 'PARI', 'CONDORI', 'JEREMY ALDAIR', 'H', '79336795', NULL, NULL, '2015-10-05', NULL, NULL, NULL, NULL, NULL, FALSE, NULL, NULL, NULL, NULL, NULL, NULL, NULL, NULL),
  (134, '00000079198111', 'PAZ', 'PERALTA', 'GINEBRA BRIHANNA', 'M', '79198111', NULL, NULL, '2015-06-25', NULL, NULL, NULL, NULL, NULL, FALSE, NULL, NULL, NULL, NULL, NULL, NULL, NULL, NULL),
  (135, '19022575500168', 'PONCE', 'BEDOYA', 'BRIELLA PIERINA', 'M', '79085525', NULL, NULL, '2015-04-24', NULL, NULL, NULL, NULL, NULL, FALSE, NULL, NULL, NULL, NULL, NULL, NULL, NULL, NULL),
  (136, '19022575500158', 'PORTUGAL', 'OVIEDO', 'ADRIANO FACUNDO', 'H', '79167128', NULL, NULL, '2015-06-16', NULL, NULL, NULL, NULL, NULL, FALSE, NULL, NULL, NULL, NULL, NULL, NULL, NULL, NULL),
  (137, '19022575500178', 'POVIS', 'PACCO', 'LISHA ISABEL', 'M', '79275315', NULL, NULL, '2015-08-07', NULL, NULL, NULL, NULL, NULL, FALSE, NULL, NULL, NULL, NULL, NULL, NULL, NULL, NULL),
  (138, '19089242200078', 'QUISPE', 'BELIZARIO', 'MAYTE ADRIANA', 'M', '79550987', NULL, NULL, '2016-02-11', NULL, NULL, NULL, NULL, NULL, FALSE, NULL, NULL, NULL, NULL, NULL, NULL, NULL, NULL),
  (139, '00000079205443', 'QUISPE', 'CCALLO', 'ALIZ ANYELA', 'M', '79205443', NULL, NULL, '2015-06-02', NULL, NULL, NULL, NULL, NULL, FALSE, NULL, NULL, NULL, NULL, NULL, NULL, NULL, NULL),
  (140, '00000079219530', 'TULA', 'SONCCO', 'ANDREA YHOSELYN', 'M', '79219530', NULL, NULL, '2015-07-24', NULL, NULL, NULL, NULL, NULL, FALSE, NULL, NULL, NULL, NULL, NULL, NULL, NULL, NULL),
  (141, '19022575500218', 'VERA', 'HANCCO', 'MERCEDES KATHERINE', 'M', '79553072', NULL, NULL, '2016-03-03', NULL, NULL, NULL, NULL, NULL, FALSE, NULL, NULL, NULL, NULL, NULL, NULL, NULL, NULL),
  (142, '00000079489610', 'YUPA', 'QUISPE', 'ANTHONY FRANCISCO ALEXANDER', 'H', '79489610', NULL, NULL, '2016-01-23', NULL, NULL, NULL, NULL, NULL, FALSE, NULL, NULL, NULL, NULL, NULL, NULL, NULL, NULL),
  (143, '19126348200018', 'ALARCON', 'MATUTE', 'GABRIEL ANDRE', 'H', '79094828', NULL, NULL, '2015-04-27', NULL, NULL, NULL, NULL, NULL, FALSE, NULL, NULL, NULL, NULL, NULL, NULL, NULL, NULL),
  (144, '00000081629051', 'ARAPA', 'LLAVE', 'EVELYN KATALEYA', 'M', '81629051', NULL, NULL, '2015-05-05', NULL, NULL, NULL, NULL, NULL, FALSE, NULL, NULL, NULL, NULL, NULL, NULL, NULL, NULL),
  (145, '19161561600018', 'CABANA', 'PUMA', 'SILVANA ANDREA', 'M', '79533533', NULL, NULL, '2016-02-11', NULL, NULL, NULL, NULL, NULL, FALSE, NULL, NULL, NULL, NULL, NULL, NULL, NULL, NULL),
  (146, '00000081376057', 'CHIPANA', 'QUISPE', 'XHAVI ELISON', 'H', '81376057', NULL, NULL, '2016-02-18', NULL, NULL, NULL, NULL, NULL, FALSE, NULL, NULL, NULL, NULL, NULL, NULL, NULL, NULL),
  (147, '00000079505173', 'CONDORI', 'BEJARANO', 'ADRIANO ANGEL', 'H', '79505173', NULL, NULL, '2016-02-03', NULL, NULL, NULL, NULL, NULL, FALSE, NULL, NULL, NULL, NULL, NULL, NULL, NULL, NULL),
  (148, '00000079458372', 'GROVAS', 'PACCO', 'ABIGAIL MELANY', 'M', '79458372', NULL, NULL, '2016-01-03', NULL, NULL, NULL, NULL, NULL, FALSE, NULL, NULL, NULL, NULL, NULL, NULL, NULL, NULL),
  (149, '19148851900028', 'HANCCO', 'APAZA', 'ANDREE ORLANDO', 'H', '79087574', NULL, NULL, '2015-04-23', NULL, NULL, NULL, NULL, NULL, FALSE, NULL, NULL, NULL, NULL, NULL, NULL, NULL, NULL),
  (150, '18144470300068', 'HUANACUNI', 'HUAMAN', 'LIAN BENJAMIN', 'H', '79141962', NULL, NULL, '2015-05-29', NULL, NULL, NULL, NULL, NULL, FALSE, NULL, NULL, NULL, NULL, NULL, NULL, NULL, NULL),
  (151, '00000079570234', 'LOPE', 'QUISPE', 'STELLA RISU', 'M', '79570234', NULL, NULL, '2016-03-11', NULL, NULL, NULL, NULL, NULL, FALSE, NULL, NULL, NULL, NULL, NULL, NULL, NULL, NULL),
  (152, '21327381600068', 'MORALES', 'AVILES', 'GINO JHOSMANI', 'H', '79131814', NULL, NULL, '2015-05-10', NULL, NULL, NULL, NULL, NULL, FALSE, NULL, NULL, NULL, NULL, NULL, NULL, NULL, NULL),
  (153, '19126348200098', 'MOTTOCCANCHI', 'AYAMAMANI', 'AXEL GAEL', 'H', '79099592', NULL, NULL, '2015-05-09', NULL, NULL, NULL, NULL, NULL, FALSE, NULL, NULL, NULL, NULL, NULL, NULL, NULL, NULL),
  (154, '00000081523912', 'NAHUE', 'YALLERCCO', 'BRUNELLA ARLETH', 'M', '81523912', NULL, NULL, '2016-02-11', NULL, NULL, NULL, NULL, NULL, FALSE, NULL, NULL, NULL, NULL, NULL, NULL, NULL, NULL),
  (155, '00000079312956', 'OJEDA', 'SALAS', 'NIKOLAS EZEL', 'H', '79312956', NULL, NULL, '2015-09-26', NULL, NULL, NULL, NULL, NULL, FALSE, NULL, NULL, NULL, NULL, NULL, NULL, NULL, NULL),
  (156, '00000079599655', 'PACCO', 'LLAMOCA', 'FABIAN GADIEL', 'H', '79599655', NULL, NULL, '2016-03-24', NULL, NULL, NULL, NULL, NULL, FALSE, NULL, NULL, NULL, NULL, NULL, NULL, NULL, NULL),
  (157, '00000079270295', 'PACHECO', 'SANCHEZ', 'BRYANA MERLYA', 'M', '79270295', NULL, NULL, '2015-08-09', NULL, NULL, NULL, NULL, NULL, FALSE, NULL, NULL, NULL, NULL, NULL, NULL, NULL, NULL),
  (158, '00000079392791', 'PERALTA', 'MAMANI', 'KIARA MILAGROS', 'M', '79392791', NULL, NULL, '2015-11-19', NULL, NULL, NULL, NULL, NULL, FALSE, NULL, NULL, NULL, NULL, NULL, NULL, NULL, NULL),
  (159, '21156281800218', 'ROQUE', 'TOROCAHUA', 'MARIANNE FRANCHESCA', 'M', '79243694', NULL, NULL, '2015-08-12', NULL, NULL, NULL, NULL, NULL, FALSE, NULL, NULL, NULL, NULL, NULL, NULL, NULL, NULL),
  (160, '00000079565066', 'ROSAS', 'AGUILAR', 'YOSELIN CAMILA', 'M', '79565066', NULL, NULL, '2016-03-04', NULL, NULL, NULL, NULL, NULL, FALSE, NULL, NULL, NULL, NULL, NULL, NULL, NULL, NULL),
  (161, '20022575500208', 'SALAS', 'BARRIOS', 'CATHALEYA VALENTINA', 'M', '79537794', NULL, NULL, '2016-02-03', NULL, NULL, NULL, NULL, NULL, FALSE, NULL, NULL, NULL, NULL, NULL, NULL, NULL, NULL),
  (162, '00000080790662', 'SEDANO', 'QUISPE', 'YOLANDA', 'M', '80790662', NULL, NULL, '2015-08-13', NULL, NULL, NULL, NULL, NULL, FALSE, NULL, NULL, NULL, NULL, NULL, NULL, NULL, NULL),
  (163, '00000079440332', 'SONCCO', 'COLQUE', 'TRISTAN MILAN', 'H', '79440332', NULL, NULL, '2015-12-17', NULL, NULL, NULL, NULL, NULL, FALSE, NULL, NULL, NULL, NULL, NULL, NULL, NULL, NULL),
  (164, '18208680300018', 'SOTO', 'LUICHO', 'THIAGO ANDREII', 'H', '79130726', NULL, NULL, '2015-05-01', NULL, NULL, NULL, NULL, NULL, FALSE, NULL, NULL, NULL, NULL, NULL, NULL, NULL, NULL),
  (165, '00000081292026', 'SULLCARAY', 'TAIPE', 'DIANA', 'M', '81292026', NULL, NULL, '2015-05-13', NULL, NULL, NULL, NULL, NULL, FALSE, NULL, NULL, NULL, NULL, NULL, NULL, NULL, NULL),
  (166, '00000081639357', 'TITO', 'ALMONTE', 'INGRID ARACELY', 'M', '81639357', NULL, NULL, '2015-06-07', NULL, NULL, NULL, NULL, NULL, FALSE, NULL, NULL, NULL, NULL, NULL, NULL, NULL, NULL),
  (167, '19022575500228', 'ZAPANA', 'RIVERA', 'XIOMARA RAFAELA', 'M', '79725584', NULL, NULL, '2016-03-29', NULL, NULL, NULL, NULL, NULL, FALSE, NULL, NULL, NULL, NULL, NULL, NULL, NULL, NULL),
  (168, '18132154600188', 'ALEJOS', 'COSAR', 'LIAM SAYCAR', 'H', '78763866', NULL, NULL, '2014-08-03', NULL, NULL, NULL, NULL, NULL, FALSE, NULL, NULL, NULL, NULL, NULL, NULL, NULL, NULL),
  (169, '22021929500010', 'BARRIOS', 'MENDEZ', 'MATHEO IGNACIO', 'H', '115948927', NULL, NULL, '2014-11-13', NULL, NULL, NULL, NULL, NULL, FALSE, NULL, NULL, NULL, NULL, NULL, NULL, NULL, NULL),
  (170, '00000081592131', 'BETANCUR', 'BERROCAL', 'ERICK JOHAO', 'H', '81592131', NULL, NULL, '2014-06-02', NULL, NULL, NULL, NULL, NULL, FALSE, NULL, NULL, NULL, NULL, NULL, NULL, NULL, NULL),
  (171, '00000081594627', 'CABANA', 'PUMA', 'ANGEL ARMANDO', 'H', '81594627', NULL, NULL, '2014-09-04', NULL, NULL, NULL, NULL, NULL, FALSE, NULL, NULL, NULL, NULL, NULL, NULL, NULL, NULL),
  (172, '00000081592940', 'CHIPANE', 'PORTILLO', 'ANTHONY JEIKO', 'H', '81592940', NULL, NULL, '2014-07-19', NULL, NULL, NULL, NULL, NULL, FALSE, NULL, NULL, NULL, NULL, NULL, NULL, NULL, NULL),
  (173, '00000081224009', 'CHUIMA', 'HUAMAN', 'MARIA ALEJANDRA', 'M', '81224009', NULL, NULL, '2014-09-11', NULL, NULL, NULL, NULL, NULL, FALSE, NULL, NULL, NULL, NULL, NULL, NULL, NULL, NULL),
  (174, '00000081194877', 'HACHA', 'CONDORI', 'JONATHAN MATÍAZ', 'H', '81194877', NULL, NULL, '2013-09-14', NULL, NULL, NULL, NULL, NULL, FALSE, NULL, NULL, NULL, NULL, NULL, NULL, NULL, NULL),
  (175, '00000081607687', 'HUANCA', 'CCAMA', 'NORICK SEBASTIAN', 'H', '81607687', NULL, NULL, '2014-12-06', NULL, NULL, NULL, NULL, NULL, FALSE, NULL, NULL, NULL, NULL, NULL, NULL, NULL, NULL),
  (176, '00000078739807', 'MAMANI', 'MAMANI', 'MICHELLE SHARMELY', 'M', '78739807', NULL, NULL, '2014-07-17', NULL, NULL, NULL, NULL, NULL, FALSE, NULL, NULL, NULL, NULL, NULL, NULL, NULL, NULL),
  (177, '18022575500108', 'MASCO', 'CEREZO', 'YAMILA FERNANDA', 'M', '78733856', NULL, NULL, '2014-08-24', NULL, NULL, NULL, NULL, NULL, FALSE, NULL, NULL, NULL, NULL, NULL, NULL, NULL, NULL),
  (178, '18022575500138', 'PACCO', 'MENDOZA', 'HAFID ERICK', 'H', '79005661', NULL, NULL, '2015-03-03', NULL, NULL, NULL, NULL, NULL, FALSE, NULL, NULL, NULL, NULL, NULL, NULL, NULL, NULL),
  (179, '19022508600038', 'PACHA', 'MEDINA', 'LUCIANA GUADALUPE', 'M', '81592868', NULL, NULL, '2014-07-23', NULL, NULL, NULL, NULL, NULL, FALSE, NULL, NULL, NULL, NULL, NULL, NULL, NULL, NULL),
  (180, '00000079024345', 'PACO', 'ZUÑIGA', 'DANILO JOSÉ', 'H', '79024345', NULL, NULL, '2015-03-19', NULL, NULL, NULL, NULL, NULL, FALSE, NULL, NULL, NULL, NULL, NULL, NULL, NULL, NULL),
  (181, '18126236900048', 'PEÑA', 'VALVERDE', 'LEYDI YANIRA', 'M', '78916158', NULL, NULL, '2014-12-18', NULL, NULL, NULL, NULL, NULL, FALSE, NULL, NULL, NULL, NULL, NULL, NULL, NULL, NULL),
  (182, '00000078747362', 'ROQUE', 'CCORAHUA', 'BRITHANI VALERIA', 'M', '78747362', NULL, NULL, '2014-08-30', NULL, NULL, NULL, NULL, NULL, FALSE, NULL, NULL, NULL, NULL, NULL, NULL, NULL, NULL),
  (183, '00000081630667', 'TARIFA', 'SURCO', 'FLOR KARELY', 'M', '81630667', NULL, NULL, '2014-09-27', NULL, NULL, NULL, NULL, NULL, FALSE, NULL, NULL, NULL, NULL, NULL, NULL, NULL, NULL),
  (184, '18111996500228', 'TORRES', 'CADENAS', 'ORIANA SOFHIA', 'M', NULL, NULL, NULL, '2014-04-10', NULL, NULL, NULL, NULL, NULL, FALSE, NULL, NULL, NULL, NULL, NULL, NULL, NULL, NULL),
  (185, '17022575500158', 'VALDIVIA', 'CHUQUITAYPE', 'DAYRON HENRRY', 'H', '78211225', NULL, NULL, '2013-07-22', NULL, NULL, NULL, NULL, NULL, FALSE, NULL, NULL, NULL, NULL, NULL, NULL, NULL, NULL),
  (186, '18022575500208', 'YUPANQUI', 'MAMANI', 'JUDITH KATIA', 'M', '79030875', NULL, NULL, '2015-03-21', NULL, NULL, NULL, NULL, NULL, FALSE, NULL, NULL, NULL, NULL, NULL, NULL, NULL, NULL),
  (187, '00000081603582', 'APFATA', 'BUSTINCIO', 'ROY BENJAMIN', 'H', '81603582', NULL, NULL, '2014-12-01', NULL, NULL, NULL, NULL, NULL, FALSE, NULL, NULL, NULL, NULL, NULL, NULL, NULL, NULL),
  (188, '00000078710269', 'BORJA', 'VARGAS', 'GIOVANNI ELAR', 'H', '78710269', NULL, NULL, '2014-08-08', NULL, NULL, NULL, NULL, NULL, FALSE, NULL, NULL, NULL, NULL, NULL, NULL, NULL, NULL),
  (189, '00000081594820', 'CHAMPI', 'CUTIRE', 'JHORDAN ALDAIR', 'H', '81594820', NULL, NULL, '2014-10-03', NULL, NULL, NULL, NULL, NULL, FALSE, NULL, NULL, NULL, NULL, NULL, NULL, NULL, NULL),
  (190, '18136435500118', 'ESPINOZA', 'BETANCUR', 'MAX JOSUÉ', 'H', '78985024', NULL, NULL, '2015-02-15', NULL, NULL, NULL, NULL, NULL, FALSE, NULL, NULL, NULL, NULL, NULL, NULL, NULL, NULL),
  (191, '00000078774815', 'HERRERA', 'VENTURA', 'VALENTINA JAZMIN', 'M', '78774815', NULL, NULL, '2014-08-15', NULL, NULL, NULL, NULL, NULL, FALSE, NULL, NULL, NULL, NULL, NULL, NULL, NULL, NULL),
  (192, '00000079137760', 'HUARMIYURI', 'SILVA', 'ALEXIS ADRIANO', 'H', '79137760', NULL, NULL, '2015-01-22', NULL, NULL, NULL, NULL, NULL, FALSE, NULL, NULL, NULL, NULL, NULL, NULL, NULL, NULL),
  (193, '20022575500218', 'LAURA', 'ADRIAN', 'PRISCILA', 'M', '81550127', NULL, NULL, '2014-06-13', NULL, NULL, NULL, NULL, NULL, FALSE, NULL, NULL, NULL, NULL, NULL, NULL, NULL, NULL),
  (194, '00000078862650', 'LOPEZ', 'MAMANI', 'ANGEL URIEL', 'H', '78862650', NULL, NULL, '2013-08-05', NULL, NULL, NULL, NULL, NULL, FALSE, NULL, NULL, NULL, NULL, NULL, NULL, NULL, NULL),
  (195, '19175298900098', 'MAMANI', 'CCANSAYA', 'GARET NEYMAR', 'H', '78601988', NULL, NULL, '2014-05-20', NULL, NULL, NULL, NULL, NULL, FALSE, NULL, NULL, NULL, NULL, NULL, NULL, NULL, NULL),
  (196, '00000081594240', 'MAYTA', 'MACHACCA', 'SOELENG GEORGHET', 'M', '81594240', NULL, NULL, '2014-07-24', NULL, NULL, NULL, NULL, NULL, FALSE, NULL, NULL, NULL, NULL, NULL, NULL, NULL, NULL),
  (197, '24021929500010', 'SALAS', 'VARGAS', 'ANGEL JESUS', 'H', NULL, NULL, NULL, '2013-03-15', NULL, NULL, NULL, NULL, NULL, FALSE, NULL, NULL, NULL, NULL, NULL, NULL, NULL, NULL),
  (198, '20157461500028', 'SEGOVIA', 'ARIAS', 'KEIVER RENE', 'H', NULL, NULL, NULL, '2014-07-10', NULL, NULL, NULL, NULL, NULL, FALSE, NULL, NULL, NULL, NULL, NULL, NULL, NULL, NULL),
  (199, '00000078586368', 'SOLORZANO', 'SAMATA', 'LEYDI YOELINA', 'M', '78586368', NULL, NULL, '2014-04-29', NULL, NULL, NULL, NULL, NULL, FALSE, NULL, NULL, NULL, NULL, NULL, NULL, NULL, NULL),
  (200, '00000081594436', 'TINOCO', 'CALCINA', 'MIGUEL ALBERTO', 'H', '81594436', NULL, NULL, '2014-06-26', NULL, NULL, NULL, NULL, NULL, FALSE, NULL, NULL, NULL, NULL, NULL, NULL, NULL, NULL),
  (201, '00000079063886', 'UTURUNCO', 'INQUILLAY', 'ROGER', 'H', '79063886', NULL, NULL, '2014-04-30', NULL, NULL, NULL, NULL, NULL, FALSE, NULL, NULL, NULL, NULL, NULL, NULL, NULL, NULL),
  (202, '00000078731961', 'VALENCIA', 'MALLMA', 'LIAM RAFAEL', 'H', '78731961', NULL, NULL, '2014-08-25', NULL, NULL, NULL, NULL, NULL, FALSE, NULL, NULL, NULL, NULL, NULL, NULL, NULL, NULL)
ON CONFLICT (dni) WHERE dni IS NOT NULL DO NOTHING;

-- ── SECUNDARIA ────────────────────────────────────────────────
INSERT INTO estudiantes
  (id, codigo_estudiante, apellido_paterno, apellido_materno, nombres, sexo, dni,
   celular, email, fecha_nacimiento, departamento_nacimiento, provincia_nacimiento,
   distrito_nacimiento, domicilio, reporte, egresado,
   padre_dni, padre_nombres, padre_apellidos, padre_celular,
   madre_dni, madre_nombres, madre_apellidos, madre_celular)
VALUES
  (203, '00000063153927', 'ALANIA', 'VICHATA', 'DAYIRO ALEXIS', 'H', '63153927', NULL, NULL, '2013-07-21', NULL, NULL, NULL, NULL, NULL, FALSE, NULL, NULL, NULL, NULL, NULL, NULL, NULL, NULL),
  (204, '00000081228111', 'AVILA', 'USKA', 'ARIANA GUADALUPE', 'M', '81228111', NULL, NULL, '2013-08-19', NULL, NULL, NULL, NULL, NULL, FALSE, NULL, NULL, NULL, NULL, NULL, NULL, NULL, NULL),
  (205, '16011434400028', 'BORDA', 'CALSINA', 'RAFAEL YASMANI', 'H', '78478089', NULL, NULL, '2014-03-04', NULL, NULL, NULL, NULL, NULL, FALSE, NULL, NULL, NULL, NULL, NULL, NULL, NULL, NULL),
  (206, '00000078081538', 'CALCINA', 'NOA', 'KIARA MAYTE', 'M', '78081538', NULL, NULL, '2013-04-11', NULL, NULL, NULL, NULL, NULL, FALSE, NULL, NULL, NULL, NULL, NULL, NULL, NULL, NULL),
  (207, '00000078292861', 'CHAVEZ', 'MAMANI', 'ABAD ALAIN', 'H', '78292861', NULL, NULL, '2013-08-20', NULL, NULL, NULL, NULL, NULL, FALSE, NULL, NULL, NULL, NULL, NULL, NULL, NULL, NULL),
  (208, '00000078352131', 'CHILE', 'QUISPE', 'WILLY RODRIGO', 'H', '78352131', NULL, NULL, '2013-12-03', NULL, NULL, NULL, NULL, NULL, FALSE, NULL, NULL, NULL, NULL, NULL, NULL, NULL, NULL),
  (209, '00000078329575', 'CHOQUEMAQUE', 'COLQUE', 'EBANDRO YONATHAN', 'H', '78329575', NULL, NULL, '2013-10-25', NULL, NULL, NULL, NULL, NULL, FALSE, NULL, NULL, NULL, NULL, NULL, NULL, NULL, NULL),
  (210, '00000063073431', 'CHUMBES', 'DEVERA', 'ANDY JOSHUA', 'H', '63073431', NULL, NULL, '2013-06-22', NULL, NULL, NULL, NULL, NULL, FALSE, NULL, NULL, NULL, NULL, NULL, NULL, NULL, NULL),
  (211, '00000081196156', 'CONDORI', 'DIAZ', 'THIAGO MYLAN', 'H', '81196156', NULL, NULL, '2013-10-03', NULL, NULL, NULL, NULL, NULL, FALSE, NULL, NULL, NULL, NULL, NULL, NULL, NULL, NULL),
  (212, '25021929500050', 'DIAZ', 'VIERA', 'LUZMAR ANDREA', 'M', NULL, NULL, NULL, '2013-08-26', NULL, NULL, NULL, NULL, NULL, FALSE, NULL, NULL, NULL, NULL, NULL, NULL, NULL, NULL),
  (213, '00000078435507', 'GÜERE', 'HUARCA', 'ANGELO EMANUEL', 'H', '78435507', NULL, NULL, '2014-01-29', NULL, NULL, NULL, NULL, NULL, FALSE, NULL, NULL, NULL, NULL, NULL, NULL, NULL, NULL),
  (214, '17022575500058', 'HUAMAN', 'AGUIRRE', 'JORGE ERASMO', 'H', '81228357', NULL, NULL, '2013-07-26', NULL, NULL, NULL, NULL, NULL, FALSE, NULL, NULL, NULL, NULL, NULL, NULL, NULL, NULL),
  (215, '18171288400018', 'HUAMAN', 'MENDEZ', 'ROYER YENKO', 'H', '78211766', NULL, NULL, '2013-06-19', NULL, NULL, NULL, NULL, NULL, FALSE, NULL, NULL, NULL, NULL, NULL, NULL, NULL, NULL),
  (216, '18074425000158', 'HUAYCANI', 'CALISAYA', 'GUSTAVO ALEJANDRO', 'H', '78511532', NULL, NULL, '2014-03-24', NULL, NULL, NULL, NULL, NULL, FALSE, NULL, NULL, NULL, NULL, NULL, NULL, NULL, NULL),
  (217, '00000078305980', 'ILASACA', 'PAMPA', 'MILAGROS ESPERANZA', 'M', '78305980', NULL, NULL, '2013-06-02', NULL, NULL, NULL, NULL, NULL, FALSE, NULL, NULL, NULL, NULL, NULL, NULL, NULL, NULL),
  (218, '00000081118551', 'MUÑA', 'TOROCAHUA', 'DILAND ANDREE', 'H', '81118551', NULL, NULL, '2013-04-26', NULL, NULL, NULL, NULL, NULL, FALSE, NULL, NULL, NULL, NULL, NULL, NULL, NULL, NULL),
  (219, '00000081197024', 'OVIEDO', 'CASAZOLA', 'FABIANA DAYNÉ', 'M', '81197024', NULL, NULL, '2013-10-11', NULL, NULL, NULL, NULL, NULL, FALSE, NULL, NULL, NULL, NULL, NULL, NULL, NULL, NULL),
  (220, '00000078440075', 'PANDIA', 'QUISPE', 'AMY', 'M', '78440075', NULL, NULL, '2014-01-16', NULL, NULL, NULL, NULL, NULL, FALSE, NULL, NULL, NULL, NULL, NULL, NULL, NULL, NULL),
  (221, '17126348200098', 'PIZARRO', 'VILCAPAZA', 'ADRIANO JOAQUIN', 'H', '78263838', NULL, NULL, '2013-09-10', NULL, NULL, NULL, NULL, NULL, FALSE, NULL, NULL, NULL, NULL, NULL, NULL, NULL, NULL),
  (222, '00000078235058', 'SALHUA', 'CCOROPUNA', 'DIEGO SEBASTIAN', 'H', '78235058', NULL, NULL, '2013-07-07', NULL, NULL, NULL, NULL, NULL, FALSE, NULL, NULL, NULL, NULL, NULL, NULL, NULL, NULL),
  (223, '00000078392718', 'SEDANO', 'QUISPE', 'WILIAN', 'H', '78392718', NULL, NULL, '2013-12-22', NULL, NULL, NULL, NULL, NULL, FALSE, NULL, NULL, NULL, NULL, NULL, NULL, NULL, NULL),
  (224, '00000078153451', 'SONCCO', 'CALCINA', 'FLOR MARILY', 'M', '78153451', NULL, NULL, '2013-05-27', NULL, NULL, NULL, NULL, NULL, FALSE, NULL, NULL, NULL, NULL, NULL, NULL, NULL, NULL),
  (225, '17022575500138', 'TAIPE', 'DIAZ', 'ALANIS DASHA', 'M', '81228148', NULL, NULL, '2013-09-01', NULL, NULL, NULL, NULL, NULL, FALSE, NULL, NULL, NULL, NULL, NULL, NULL, NULL, NULL),
  (226, '00000078420925', 'TORRES', 'LUQUE', 'FIORELA YESENIA', 'M', '78420925', NULL, NULL, '2014-01-22', NULL, NULL, NULL, NULL, NULL, FALSE, NULL, NULL, NULL, NULL, NULL, NULL, NULL, NULL),
  (227, '00000081539952', 'TULA', 'MAMANI', 'FRANCO AARON', 'H', '81539952', NULL, NULL, '2014-01-27', NULL, NULL, NULL, NULL, NULL, FALSE, NULL, NULL, NULL, NULL, NULL, NULL, NULL, NULL),
  (228, '17022575500188', 'VERA', 'HANCCO', 'NAYELI MISHELL', 'M', '81539445', NULL, NULL, '2014-01-22', NULL, NULL, NULL, NULL, NULL, FALSE, NULL, NULL, NULL, NULL, NULL, NULL, NULL, NULL),
  (229, '18022575500248', 'YANA', 'RODRIGUEZ', 'MARIA BELEN', 'M', '78646536', NULL, NULL, '2014-02-25', NULL, NULL, NULL, NULL, NULL, FALSE, NULL, NULL, NULL, NULL, NULL, NULL, NULL, NULL),
  (230, '00000078132929', 'ALEJO', 'GAMARRA', 'RUTH AYUMI', 'M', '78132929', NULL, NULL, '2013-05-18', NULL, NULL, NULL, NULL, NULL, FALSE, NULL, NULL, NULL, NULL, NULL, NULL, NULL, NULL),
  (231, '17089286900018', 'AMANCA', 'TTITO', 'EDUARDO EFRAIN', 'H', '81560158', NULL, NULL, '2013-05-25', NULL, NULL, NULL, NULL, NULL, FALSE, NULL, NULL, NULL, NULL, NULL, NULL, NULL, NULL),
  (232, '00000078218966', 'BUENDIA', 'MENDOZA', 'LUCAS JANO', 'H', '78218966', NULL, NULL, '2013-08-10', NULL, NULL, NULL, NULL, NULL, FALSE, NULL, NULL, NULL, NULL, NULL, NULL, NULL, NULL),
  (233, '00000081169449', 'CCALLO', 'CHINCHERCOMA', 'JOEL VICTOR', 'H', '81169449', NULL, NULL, '2013-08-17', NULL, NULL, NULL, NULL, NULL, FALSE, NULL, NULL, NULL, NULL, NULL, NULL, NULL, NULL),
  (234, '00000078722246', 'CHACO', 'BARANDIARAN', 'YHERIK AUGUSTO YSBAIL', 'H', '78722246', NULL, NULL, '2013-02-28', NULL, NULL, NULL, NULL, NULL, FALSE, NULL, NULL, NULL, NULL, NULL, NULL, NULL, NULL),
  (235, '00000080931057', 'CHIPANA', 'QUISPE', 'AARON CRHISTIAN ABIERY', 'H', '80931057', NULL, NULL, '2014-01-26', NULL, NULL, NULL, NULL, NULL, FALSE, NULL, NULL, NULL, NULL, NULL, NULL, NULL, NULL),
  (236, '17022575500028', 'CHOQUECABANA', 'CALLOHUANCA', 'MILLET IVANA', 'M', '78268274', NULL, NULL, '2013-09-03', NULL, NULL, NULL, NULL, NULL, FALSE, NULL, NULL, NULL, NULL, NULL, NULL, NULL, NULL),
  (237, '00000079208199', 'CHUMBES', 'SERRANO', 'JACK NEYMAR', 'H', '79208199', NULL, NULL, '2013-04-14', NULL, NULL, NULL, NULL, NULL, FALSE, NULL, NULL, NULL, NULL, NULL, NULL, NULL, NULL),
  (238, '00000078051687', 'COPARA', 'HUAYNA', 'NEVENKA JAKELINE', 'M', '78051687', NULL, NULL, '2013-04-04', NULL, NULL, NULL, NULL, NULL, FALSE, NULL, NULL, NULL, NULL, NULL, NULL, NULL, NULL),
  (239, '00000081114430', 'DIAZ', 'TICONA', 'LUHANA KEYLA', 'M', '81114430', NULL, NULL, '2013-05-05', NULL, NULL, NULL, NULL, NULL, FALSE, NULL, NULL, NULL, NULL, NULL, NULL, NULL, NULL),
  (240, '00000078838410', 'HUACHO', 'AGUILAR', 'KELY MARINA', 'M', '78838410', NULL, NULL, '2014-01-21', NULL, NULL, NULL, NULL, NULL, FALSE, NULL, NULL, NULL, NULL, NULL, NULL, NULL, NULL),
  (241, '00000081539484', 'JAEN', 'CUTIPA', 'CARLOS DANIEL', 'H', '81539484', NULL, NULL, '2014-01-23', NULL, NULL, NULL, NULL, NULL, FALSE, NULL, NULL, NULL, NULL, NULL, NULL, NULL, NULL),
  (242, '17022575500078', 'LEON', 'BEDOYA', 'KENYA KELEEN', 'M', '78096942', NULL, NULL, '2013-04-02', NULL, NULL, NULL, NULL, NULL, FALSE, NULL, NULL, NULL, NULL, NULL, NULL, NULL, NULL),
  (243, '00000081190234', 'LUQUE', 'PALOMINO', 'HANSEL ISMAEL', 'H', '81190234', NULL, NULL, '2013-12-17', NULL, NULL, NULL, NULL, NULL, FALSE, NULL, NULL, NULL, NULL, NULL, NULL, NULL, NULL),
  (244, '18133881300048', 'MARURE', 'MAMANI', 'ASHLY JAHAIRA', 'M', '78492780', NULL, NULL, '2014-03-06', NULL, NULL, NULL, NULL, NULL, FALSE, NULL, NULL, NULL, NULL, NULL, NULL, NULL, NULL),
  (245, '17126348200058', 'MENDEZ', 'RIVAS', 'JEANPIERE MAYCOL', 'H', '81558691', NULL, NULL, '2014-02-28', NULL, NULL, NULL, NULL, NULL, FALSE, NULL, NULL, NULL, NULL, NULL, NULL, NULL, NULL),
  (246, '00000078221020', 'PACCO', 'CALCINA', 'NEYMAR RODRIGO', 'H', '78221020', NULL, NULL, '2013-07-27', NULL, NULL, NULL, NULL, NULL, FALSE, NULL, NULL, NULL, NULL, NULL, NULL, NULL, NULL),
  (247, '00000081558783', 'PANCCA', 'QUISPE', 'ORLANDO JESUS', 'H', '81558783', NULL, NULL, '2014-03-02', NULL, NULL, NULL, NULL, NULL, FALSE, NULL, NULL, NULL, NULL, NULL, NULL, NULL, NULL),
  (248, '17022575500108', 'PORTUGAL', 'OVIEDO', 'ARANTZA KEISHLA', 'M', '81194454', NULL, NULL, '2013-09-21', NULL, NULL, NULL, NULL, NULL, FALSE, NULL, NULL, NULL, NULL, NULL, NULL, NULL, NULL),
  (249, '00000078133506', 'QUISPE', 'PALACIOS', 'MIRIAM FERNANDA', 'M', '78133506', NULL, NULL, '2013-05-24', NULL, NULL, NULL, NULL, NULL, FALSE, NULL, NULL, NULL, NULL, NULL, NULL, NULL, NULL),
  (250, '00000081540347', 'RAMOS', 'CUTIRE', 'DIEGO ARNULFO', 'H', '81540347', NULL, NULL, '2014-02-23', NULL, NULL, NULL, NULL, NULL, FALSE, NULL, NULL, NULL, NULL, NULL, NULL, NULL, NULL),
  (251, '00000090187002', 'ROJO', 'QUISPE', 'BRITTANY NIKOLE', 'M', '90187002', NULL, NULL, '2013-07-04', NULL, NULL, NULL, NULL, NULL, FALSE, NULL, NULL, NULL, NULL, NULL, NULL, NULL, NULL),
  (252, '17089286900098', 'SALAS', 'BARRIOS', 'BENJAMIN EMANUEL', 'H', '81539239', NULL, NULL, '2014-01-14', NULL, NULL, NULL, NULL, NULL, FALSE, NULL, NULL, NULL, NULL, NULL, NULL, NULL, NULL),
  (253, '00000078161153', 'SANDI', 'BALTA', 'LUCIANA ANABEL', 'M', '78161153', NULL, NULL, '2013-06-17', NULL, NULL, NULL, NULL, NULL, FALSE, NULL, NULL, NULL, NULL, NULL, NULL, NULL, NULL),
  (254, '00000081558831', 'SEVILLANOS', 'RODRIGO', 'ADRIANO JOEL', 'H', '81558831', NULL, NULL, '2014-03-05', NULL, NULL, NULL, NULL, NULL, FALSE, NULL, NULL, NULL, NULL, NULL, NULL, NULL, NULL),
  (255, '00000078176027', 'TIPULA', 'DIAZ', 'EMANUEL JORGE', 'H', '78176027', NULL, NULL, '2013-07-12', NULL, NULL, NULL, NULL, NULL, FALSE, NULL, NULL, NULL, NULL, NULL, NULL, NULL, NULL),
  (256, '00000081444212', 'VELASQUEZ', 'TULA', 'FREDY ANGEL', 'H', '81444212', NULL, NULL, '2013-11-04', NULL, NULL, NULL, NULL, NULL, FALSE, NULL, NULL, NULL, NULL, NULL, NULL, NULL, NULL),
  (257, '00000090276763', 'VILLAFUERTE', 'POVEA', 'LIAM NEYMAR', 'H', '90276763', NULL, NULL, '2014-02-01', NULL, NULL, NULL, NULL, NULL, FALSE, NULL, NULL, NULL, NULL, NULL, NULL, NULL, NULL),
  (258, '00000081195564', 'ASCENCIOS', 'CCAHUA', 'DANIEL ELIAS', 'H', '81195564', NULL, NULL, '2012-10-04', NULL, NULL, NULL, NULL, NULL, FALSE, NULL, NULL, NULL, NULL, NULL, NULL, NULL, NULL),
  (259, '00000081377787', 'ASCENCIOS', 'GARCIA', 'LUIS CARLOS', 'H', '81377787', NULL, NULL, '2012-06-10', NULL, NULL, NULL, NULL, NULL, FALSE, NULL, NULL, NULL, NULL, NULL, NULL, NULL, NULL),
  (260, '00000062146335', 'BERNAL', 'ESPINOZA', 'MELANI JULIETA', 'M', '62146335', NULL, NULL, '2012-09-22', NULL, NULL, NULL, NULL, NULL, FALSE, NULL, NULL, NULL, NULL, NULL, NULL, NULL, NULL),
  (261, '00000063244994', 'CARCAUSTO', 'YARICE', 'NHILA ABIGAIL', 'M', '63244994', NULL, NULL, '2012-05-04', NULL, NULL, NULL, NULL, NULL, FALSE, NULL, NULL, NULL, NULL, NULL, NULL, NULL, NULL),
  (262, '00000063533332', 'CCOSCCO', 'CEREZO', 'ANGIE YUDELY', 'M', '63533332', NULL, NULL, '2012-10-19', NULL, NULL, NULL, NULL, NULL, FALSE, NULL, NULL, NULL, NULL, NULL, NULL, NULL, NULL),
  (263, '00000081052155', 'CHAISA', 'VILCA', 'YANDY ALICIA', 'M', '81052155', NULL, NULL, '2012-11-11', NULL, NULL, NULL, NULL, NULL, FALSE, NULL, NULL, NULL, NULL, NULL, NULL, NULL, NULL),
  (264, '15145554200018', 'CHIPANE', 'PORTILLO', 'ANA GRAYLIN', 'M', '62819420', NULL, NULL, '2011-04-17', NULL, NULL, NULL, NULL, NULL, FALSE, NULL, NULL, NULL, NULL, NULL, NULL, NULL, NULL),
  (265, '16133750000018', 'CORNEJO', 'HUILLCA', 'JUAN GABRIEL', 'H', '63535664', NULL, NULL, '2012-06-13', NULL, NULL, NULL, NULL, NULL, FALSE, NULL, NULL, NULL, NULL, NULL, NULL, NULL, NULL),
  (266, '00000081113858', 'FLORES', 'MAMANI', 'SULLY NAOMI', 'M', '81113858', NULL, NULL, '2013-03-27', NULL, NULL, NULL, NULL, NULL, FALSE, NULL, NULL, NULL, NULL, NULL, NULL, NULL, NULL),
  (267, '00000077875829', 'GARCIA', 'ILLACUTIPA', 'ARIANA ZAHORY', 'M', '77875829', NULL, NULL, '2012-11-13', NULL, NULL, NULL, NULL, NULL, FALSE, NULL, NULL, NULL, NULL, NULL, NULL, NULL, NULL),
  (268, '00000081112330', 'GOMEZ', 'QUISPE', 'FABRIZIO JEDAM', 'H', '81112330', NULL, NULL, '2013-02-09', NULL, NULL, NULL, NULL, NULL, FALSE, NULL, NULL, NULL, NULL, NULL, NULL, NULL, NULL),
  (269, '00000062958658', 'HUAMANI', 'CHURATA', 'ALEXANDRO YEFERSSON', 'H', '62958658', NULL, NULL, '2011-10-03', NULL, NULL, NULL, NULL, NULL, FALSE, NULL, NULL, NULL, NULL, NULL, NULL, NULL, NULL),
  (270, '20028776300058', 'MORILLO', 'POLO', 'KRISTHIAN ADRIANGEL', 'H', NULL, NULL, NULL, '2012-06-13', NULL, NULL, NULL, NULL, NULL, FALSE, NULL, NULL, NULL, NULL, NULL, NULL, NULL, NULL),
  (271, '16137323200198', 'NAHUE', 'LEON', 'PAMELA MASIEL', 'M', '81093756', NULL, NULL, '2012-12-14', NULL, NULL, NULL, NULL, NULL, FALSE, NULL, NULL, NULL, NULL, NULL, NULL, NULL, NULL),
  (272, '22021929500050', 'ORTIZ', 'DE LA ROSA', 'CESAR ALEJANDRO', 'H', NULL, NULL, NULL, '2012-06-29', NULL, NULL, NULL, NULL, NULL, FALSE, NULL, NULL, NULL, NULL, NULL, NULL, NULL, NULL),
  (273, '00000063735811', 'PARI', 'CONDORI', 'THAYZ KEYRA', 'M', '63735811', NULL, NULL, '2013-01-02', NULL, NULL, NULL, NULL, NULL, FALSE, NULL, NULL, NULL, NULL, NULL, NULL, NULL, NULL),
  (274, '16022575500128', 'PUMA', 'YUPANQUI', 'CINTIA ANABEL', 'M', '81078343', NULL, NULL, '2012-10-20', NULL, NULL, NULL, NULL, NULL, FALSE, NULL, NULL, NULL, NULL, NULL, NULL, NULL, NULL),
  (275, '00000063429546', 'PUSACLLA', 'VELA', 'MICAELA', 'M', '63429546', NULL, NULL, '2012-11-20', NULL, NULL, NULL, NULL, NULL, FALSE, NULL, NULL, NULL, NULL, NULL, NULL, NULL, NULL),
  (276, '19111423000018', 'QUINTERO', 'GUIPE', 'AARON GABRIEL', 'H', NULL, NULL, NULL, '2012-09-19', NULL, NULL, NULL, NULL, NULL, FALSE, NULL, NULL, NULL, NULL, NULL, NULL, NULL, NULL),
  (277, '16022575500148', 'RUIZ', 'ZEVALLOS', 'ERICK GHAEL', 'H', '63735801', NULL, NULL, '2012-12-07', NULL, NULL, NULL, NULL, NULL, FALSE, NULL, NULL, NULL, NULL, NULL, NULL, NULL, NULL),
  (278, '00000077862645', 'SALAS', 'MEDINA', 'GABRIEL MATEO', 'H', '77862645', NULL, NULL, '2012-06-25', NULL, NULL, NULL, NULL, NULL, FALSE, NULL, NULL, NULL, NULL, NULL, NULL, NULL, NULL),
  (279, '00000063727904', 'SANCHEZ', 'BELTRAN', 'BRITNEY MELANY', 'M', '63727904', NULL, NULL, '2012-04-11', NULL, NULL, NULL, NULL, NULL, FALSE, NULL, NULL, NULL, NULL, NULL, NULL, NULL, NULL),
  (280, '00000063727905', 'SANCHEZ', 'BELTRAN', 'DANY JHOSHIMAR', 'H', '63727905', NULL, NULL, '2012-04-11', NULL, NULL, NULL, NULL, NULL, FALSE, NULL, NULL, NULL, NULL, NULL, NULL, NULL, NULL),
  (281, '17089286900148', 'SARMIENTO', 'SARMIENTO', 'DANIEL STHIPF', 'H', '81132770', NULL, NULL, '2013-01-05', NULL, NULL, NULL, NULL, NULL, FALSE, NULL, NULL, NULL, NULL, NULL, NULL, NULL, NULL),
  (282, '16022575500168', 'SONCCO', 'APAZA', 'YEAN CARLOS HUBER', 'H', '78032709', NULL, NULL, '2013-02-23', NULL, NULL, NULL, NULL, NULL, FALSE, NULL, NULL, NULL, NULL, NULL, NULL, NULL, NULL),
  (283, '21022008700018', 'ANUEL', 'PADILLA', 'CRISTAL JEANCARLAS', 'M', NULL, NULL, NULL, '2012-11-07', NULL, NULL, NULL, NULL, NULL, FALSE, NULL, NULL, NULL, NULL, NULL, NULL, NULL, NULL),
  (284, '19021929500028', 'AVENDAÑO', 'GONZALEZ', 'ROYSNEL AARON', 'H', NULL, NULL, NULL, '2013-03-23', NULL, NULL, NULL, NULL, NULL, FALSE, NULL, NULL, NULL, NULL, NULL, NULL, NULL, NULL),
  (285, '16022575500038', 'BELIZARIO', 'CCALLO', 'KELLY MASHIEL', 'M', '77653181', NULL, NULL, '2012-05-18', NULL, NULL, NULL, NULL, NULL, FALSE, NULL, NULL, NULL, NULL, NULL, NULL, NULL, NULL),
  (286, '00000081063789', 'BOZA', 'PORTILLA', 'DAYIRO BENJAMIN', 'H', '81063789', NULL, NULL, '2012-10-31', NULL, NULL, NULL, NULL, NULL, FALSE, NULL, NULL, NULL, NULL, NULL, NULL, NULL, NULL),
  (287, '00000081047810', 'CALLA', 'HUANCA', 'SERGIO ADOLFO', 'H', '81047810', NULL, NULL, '2012-07-13', NULL, NULL, NULL, NULL, NULL, FALSE, NULL, NULL, NULL, NULL, NULL, NULL, NULL, NULL),
  (288, '00000080857111', 'CCORAHUA', 'DIAZ', 'LUIS GABRIEL', 'H', '80857111', NULL, NULL, '2012-08-24', NULL, NULL, NULL, NULL, NULL, FALSE, NULL, NULL, NULL, NULL, NULL, NULL, NULL, NULL),
  (289, '00000080868132', 'CCORPUNA', 'TURPO', 'TANIA NICOL', 'M', '80868132', NULL, NULL, '2013-03-23', NULL, NULL, NULL, NULL, NULL, FALSE, NULL, NULL, NULL, NULL, NULL, NULL, NULL, NULL),
  (290, '00000080985895', 'CCOTO', 'CAYANI', 'MATHIAS JULIAN', 'H', '80985895', NULL, NULL, '2012-10-29', NULL, NULL, NULL, NULL, NULL, FALSE, NULL, NULL, NULL, NULL, NULL, NULL, NULL, NULL),
  (291, '00000077824702', 'CENTENO', 'IQUIAPAZA', 'ZULLY BELLA DULZE', 'M', '77824702', NULL, NULL, '2012-09-12', NULL, NULL, NULL, NULL, NULL, FALSE, NULL, NULL, NULL, NULL, NULL, NULL, NULL, NULL),
  (292, '00000077724737', 'JAYO', 'HUAHUACONDORI', 'LUIS FERNANDO', 'H', '77724737', NULL, NULL, '2012-06-18', NULL, NULL, NULL, NULL, NULL, FALSE, NULL, NULL, NULL, NULL, NULL, NULL, NULL, NULL),
  (293, '00000081093190', 'KAIRA', 'HUAYTA', 'LUIS FERNANDO', 'H', '81093190', NULL, NULL, '2012-08-13', NULL, NULL, NULL, NULL, NULL, FALSE, NULL, NULL, NULL, NULL, NULL, NULL, NULL, NULL),
  (294, '00000077886247', 'LOPEZ', 'ZUÑIGA', 'ENDERSON ALEXANDER', 'H', '77886247', NULL, NULL, '2012-10-29', NULL, NULL, NULL, NULL, NULL, FALSE, NULL, NULL, NULL, NULL, NULL, NULL, NULL, NULL),
  (295, '00000077879158', 'MAMANI', 'JARA', 'ARTUR JHENRRY', 'H', '77879158', NULL, NULL, '2012-11-13', NULL, NULL, NULL, NULL, NULL, FALSE, NULL, NULL, NULL, NULL, NULL, NULL, NULL, NULL),
  (296, '00000081093307', 'MEDINA', 'DIAZ', 'ANGELA GABRIELA', 'M', '81093307', NULL, NULL, '2012-11-30', NULL, NULL, NULL, NULL, NULL, FALSE, NULL, NULL, NULL, NULL, NULL, NULL, NULL, NULL),
  (297, '00000081156174', 'MELO', 'CHILO', 'LEONEL YORDY', 'H', '81156174', NULL, NULL, '2013-02-10', NULL, NULL, NULL, NULL, NULL, FALSE, NULL, NULL, NULL, NULL, NULL, NULL, NULL, NULL),
  (298, '19139745400118', 'MONSALVE', 'CONTRERAS', 'CHRISTOFER ALDREY DEL CARMEN', 'H', NULL, NULL, NULL, '2012-07-17', NULL, NULL, NULL, NULL, NULL, FALSE, NULL, NULL, NULL, NULL, NULL, NULL, NULL, NULL),
  (299, '16153697800048', 'OVIEDO', 'CASAZOLA', 'TATIANA ANDREA', 'M', '77728816', NULL, NULL, '2012-05-22', NULL, NULL, NULL, NULL, NULL, FALSE, NULL, NULL, NULL, NULL, NULL, NULL, NULL, NULL),
  (300, '00000063232353', 'PACHA', 'GONZALES', 'ADRIANO ALBERT YOSIMAR', 'H', '63232353', NULL, NULL, '2012-05-10', NULL, NULL, NULL, NULL, NULL, FALSE, NULL, NULL, NULL, NULL, NULL, NULL, NULL, NULL),
  (301, '00000063244987', 'PAPEL', 'HOLGUIN', 'ABRYL JAMYLET', 'M', '63244987', NULL, NULL, '2012-05-13', NULL, NULL, NULL, NULL, NULL, FALSE, NULL, NULL, NULL, NULL, NULL, NULL, NULL, NULL),
  (302, '00000063762206', 'PASTOR', 'MATUTE', 'JHARETH ANTONELA', 'M', '63762206', NULL, NULL, '2012-07-24', NULL, NULL, NULL, NULL, NULL, FALSE, NULL, NULL, NULL, NULL, NULL, NULL, NULL, NULL),
  (303, '00000063423127', 'QUISPE', 'HUAMANI', 'YEISON HEYNER', 'H', '63423127', NULL, NULL, '2012-08-08', NULL, NULL, NULL, NULL, NULL, FALSE, NULL, NULL, NULL, NULL, NULL, NULL, NULL, NULL),
  (304, '00000081094308', 'RIOS', 'VILCA', 'ADRIANA BELEN ESTRELLA', 'M', '81094308', NULL, NULL, '2013-01-06', NULL, NULL, NULL, NULL, NULL, FALSE, NULL, NULL, NULL, NULL, NULL, NULL, NULL, NULL),
  (305, '00000077759868', 'TAMO', 'COAGUILA', 'LUIS FERNANDO', 'H', '77759868', NULL, NULL, '2012-07-26', NULL, NULL, NULL, NULL, NULL, FALSE, NULL, NULL, NULL, NULL, NULL, NULL, NULL, NULL),
  (306, '00000062832079', 'TRUJILLO', 'CORREA', 'THIAGO LINCOL', 'H', '62832079', NULL, NULL, '2013-01-19', NULL, NULL, NULL, NULL, NULL, FALSE, NULL, NULL, NULL, NULL, NULL, NULL, NULL, NULL),
  (307, '00000077980612', 'URBINA', 'MAMANI', 'ESTER ANTONELA', 'M', '77980612', NULL, NULL, '2013-01-28', NULL, NULL, NULL, NULL, NULL, FALSE, NULL, NULL, NULL, NULL, NULL, NULL, NULL, NULL),
  (308, '16022575500208', 'ZAPANA', 'RIVERA', 'DAYIRO JOSUE', 'H', '81094442', NULL, NULL, '2012-11-16', NULL, NULL, NULL, NULL, NULL, FALSE, NULL, NULL, NULL, NULL, NULL, NULL, NULL, NULL),
  (309, '00000062222818', 'AYALA', 'MEZA', 'BELTSASAR', 'H', '62222818', NULL, NULL, '2010-10-05', NULL, NULL, NULL, NULL, NULL, FALSE, NULL, NULL, NULL, NULL, NULL, NULL, NULL, NULL),
  (310, '00000063114715', 'CCACCASACA', 'FOLLANO', 'RUTH KAREN', 'M', '63114715', NULL, NULL, '2012-03-16', NULL, NULL, NULL, NULL, NULL, FALSE, NULL, NULL, NULL, NULL, NULL, NULL, NULL, NULL),
  (311, '14221721500018', 'CHAMBI', 'CALDERON', 'LEYDY MILAGROS', 'M', '62939917', NULL, NULL, '2011-12-01', NULL, NULL, NULL, NULL, NULL, FALSE, NULL, NULL, NULL, NULL, NULL, NULL, NULL, NULL),
  (312, '00000063093662', 'CHIPA', 'HUAMANI', 'PAOLA ALEXANDRA', 'M', '63093662', NULL, NULL, '2012-02-17', NULL, NULL, NULL, NULL, NULL, FALSE, NULL, NULL, NULL, NULL, NULL, NULL, NULL, NULL),
  (313, '00000063084913', 'CHUMBES', 'SERRANO', 'FELIPE ARMANDO', 'H', '63084913', NULL, NULL, '2011-11-26', NULL, NULL, NULL, NULL, NULL, FALSE, NULL, NULL, NULL, NULL, NULL, NULL, NULL, NULL),
  (314, '25125938100010', 'COA', 'CAMPERO', 'RICGIAN DANIEL', 'H', '34292571', NULL, NULL, '2011-01-30', NULL, NULL, NULL, NULL, NULL, FALSE, NULL, NULL, NULL, NULL, NULL, NULL, NULL, NULL),
  (315, '00000063084451', 'DIAZ', 'PACCI', 'BRAYAN ALONSO', 'H', '63084451', NULL, NULL, '2011-12-08', NULL, NULL, NULL, NULL, NULL, FALSE, NULL, NULL, NULL, NULL, NULL, NULL, NULL, NULL),
  (316, '00000062701495', 'FERNANDEZ', 'HANCCO', 'MIGUEL ANGEL', 'H', '62701495', NULL, NULL, '2010-10-18', NULL, NULL, NULL, NULL, NULL, FALSE, NULL, NULL, NULL, NULL, NULL, NULL, NULL, NULL),
  (317, '00000062818924', 'FLORES', 'MAMANI', 'LUANA KONY NANCY', 'M', '62818924', NULL, NULL, '2011-04-04', NULL, NULL, NULL, NULL, NULL, FALSE, NULL, NULL, NULL, NULL, NULL, NULL, NULL, NULL),
  (318, '15022508600248', 'GARATE', 'YLLANES', 'CARLOS FRANCISCO', 'H', '62960498', NULL, NULL, '2011-10-11', NULL, NULL, NULL, NULL, NULL, FALSE, NULL, NULL, NULL, NULL, NULL, NULL, NULL, NULL),
  (319, '21133879700018', 'GOYO', 'MATTIEE', 'AMBAR ALEXANDRA', 'M', NULL, NULL, NULL, '2011-02-20', NULL, NULL, NULL, NULL, NULL, FALSE, NULL, NULL, NULL, NULL, NULL, NULL, NULL, NULL),
  (320, '00000062819999', 'HUIRMA', 'VALENCIA', 'JHON RONALDO', 'H', '62819999', NULL, NULL, '2011-04-24', NULL, NULL, NULL, NULL, NULL, FALSE, NULL, NULL, NULL, NULL, NULL, NULL, NULL, NULL),
  (321, '00000062888790', 'LAURA', 'QUISPE', 'JOSELITO SEBASTIAN', 'H', '62888790', NULL, NULL, '2011-09-03', NULL, NULL, NULL, NULL, NULL, FALSE, NULL, NULL, NULL, NULL, NULL, NULL, NULL, NULL),
  (322, '13270560100018', 'LOPEZ', 'ZUÑIGA', 'JENNIFER BRIGITH DE LOS ANGELES', 'M', '77109365', NULL, NULL, '2011-05-23', NULL, NULL, NULL, NULL, NULL, FALSE, NULL, NULL, NULL, NULL, NULL, NULL, NULL, NULL),
  (323, '00000062831191', 'MAMANI', 'JILAJA', 'FIORELLA MILAGROS', 'M', '62831191', NULL, NULL, '2011-07-11', NULL, NULL, NULL, NULL, NULL, FALSE, NULL, NULL, NULL, NULL, NULL, NULL, NULL, NULL),
  (324, '00000063693766', 'MAMANI', 'ZAMATA', 'LIZBETH MARYORI', 'M', '63693766', NULL, NULL, '2012-02-26', NULL, NULL, NULL, NULL, NULL, FALSE, NULL, NULL, NULL, NULL, NULL, NULL, NULL, NULL),
  (325, '14022575500088', 'MASCO', 'CEREZO', 'KAREN MILAGROS', 'M', '62702152', NULL, NULL, '2010-12-09', NULL, NULL, NULL, NULL, NULL, FALSE, NULL, NULL, NULL, NULL, NULL, NULL, NULL, NULL),
  (326, '00000062886488', 'PACHECO', 'RAMOS', 'BETSY YAMILA', 'M', '62886488', NULL, NULL, '2011-06-28', NULL, NULL, NULL, NULL, NULL, FALSE, NULL, NULL, NULL, NULL, NULL, NULL, NULL, NULL),
  (327, '00000062858901', 'PALLI', 'ENRIQUEZ', 'JAMES OXFORD', 'H', '62858901', NULL, NULL, '2011-07-03', NULL, NULL, NULL, NULL, NULL, FALSE, NULL, NULL, NULL, NULL, NULL, NULL, NULL, NULL),
  (328, '00000062254243', 'PUMA', 'CONDORI', 'PATRIK DASHYRO', 'H', '62254243', NULL, NULL, '2011-06-02', NULL, NULL, NULL, NULL, NULL, FALSE, NULL, NULL, NULL, NULL, NULL, NULL, NULL, NULL),
  (329, '15022575500118', 'QUISPE', 'REAÑO', 'ANGELO HAIR', 'H', '62888332', NULL, NULL, '2011-08-08', NULL, NULL, NULL, NULL, NULL, FALSE, NULL, NULL, NULL, NULL, NULL, NULL, NULL, NULL),
  (330, '00000063174354', 'QUISPE', 'URURI', 'ALVARO JHAIR', 'H', '63174354', NULL, NULL, '2012-01-03', NULL, NULL, NULL, NULL, NULL, FALSE, NULL, NULL, NULL, NULL, NULL, NULL, NULL, NULL),
  (331, '15145554200108', 'RAMOS', 'CUTIRE', 'NAYELI', 'M', '62259227', NULL, NULL, '2011-08-13', NULL, NULL, NULL, NULL, NULL, FALSE, NULL, NULL, NULL, NULL, NULL, NULL, NULL, NULL),
  (332, '15131489700118', 'RIVAS', 'BENITES', 'LUCERO', 'M', '63293139', NULL, NULL, '2011-07-11', NULL, NULL, NULL, NULL, NULL, FALSE, NULL, NULL, NULL, NULL, NULL, NULL, NULL, NULL),
  (333, '00000062958754', 'SUAREZ', 'MANGO', 'RICARDO GEANFRANCO', 'H', '62958754', NULL, NULL, '2011-08-27', NULL, NULL, NULL, NULL, NULL, FALSE, NULL, NULL, NULL, NULL, NULL, NULL, NULL, NULL),
  (334, '15022575500148', 'TALAVERA', 'ZEVALLOS', 'ANDRE YAREL', 'H', '63093666', NULL, NULL, '2012-03-06', NULL, NULL, NULL, NULL, NULL, FALSE, NULL, NULL, NULL, NULL, NULL, NULL, NULL, NULL),
  (335, '15203581500068', 'TORRES', 'AGUIRRE', 'LUIS JAVIER', 'H', '62810398', NULL, NULL, '2011-04-24', NULL, NULL, NULL, NULL, NULL, FALSE, NULL, NULL, NULL, NULL, NULL, NULL, NULL, NULL),
  (336, '16089291900088', 'UTURUNCO', 'INQUILLAY', 'ROSYLINDA', 'M', '63047429', NULL, NULL, '2012-01-10', NULL, NULL, NULL, NULL, NULL, FALSE, NULL, NULL, NULL, NULL, NULL, NULL, NULL, NULL),
  (337, '15145554200028', 'VILCA', 'PACHA', 'MATEO ALEXANDER', 'H', '63083855', NULL, NULL, '2011-12-05', NULL, NULL, NULL, NULL, NULL, FALSE, NULL, NULL, NULL, NULL, NULL, NULL, NULL, NULL),
  (338, '00000077598280', 'VILLEGAS', 'CHAVEZ', 'HUGO DANIEL ALEJANDRO', 'H', '77598280', NULL, NULL, '2012-03-18', NULL, NULL, NULL, NULL, NULL, FALSE, NULL, NULL, NULL, NULL, NULL, NULL, NULL, NULL),
  (339, '00000062231011', 'YUJRA', 'INCACUTIPA', 'LIZ KATHERIN', 'M', '62231011', NULL, NULL, '2011-04-01', NULL, NULL, NULL, NULL, NULL, FALSE, NULL, NULL, NULL, NULL, NULL, NULL, NULL, NULL),
  (340, '00000062083883', 'ALANIA', 'VICHATA', 'KATERIN SARA', 'M', '62083883', NULL, NULL, '2011-04-04', NULL, NULL, NULL, NULL, NULL, FALSE, NULL, NULL, NULL, NULL, NULL, NULL, NULL, NULL),
  (341, '00000063230264', 'ANCCO', 'CAHUANA', 'BRENDA IVET', 'M', '63230264', NULL, NULL, '2012-02-19', NULL, NULL, NULL, NULL, NULL, FALSE, NULL, NULL, NULL, NULL, NULL, NULL, NULL, NULL),
  (342, '15022575500028', 'ARAPA', 'TUPAC', 'ALDANA KARELI', 'M', '63084478', NULL, NULL, '2011-12-21', NULL, NULL, NULL, NULL, NULL, FALSE, NULL, NULL, NULL, NULL, NULL, NULL, NULL, NULL),
  (343, '15148611600018', 'ARREDONDO', 'BORDA', 'DAYANA MARIBEL', 'M', '63084979', NULL, NULL, '2012-01-01', NULL, NULL, NULL, NULL, NULL, FALSE, NULL, NULL, NULL, NULL, NULL, NULL, NULL, NULL),
  (344, '22021929500070', 'BOLIVAR', 'MARIN', 'VICTOR EDUARDO', 'H', 'V33870371', NULL, NULL, '2011-05-22', NULL, NULL, NULL, NULL, NULL, FALSE, NULL, NULL, NULL, NULL, NULL, NULL, NULL, NULL),
  (345, '15022575500038', 'CALLA', 'CCAYAVILCA', 'KRIS ANGELA', 'M', '62985471', NULL, NULL, '2011-12-01', NULL, NULL, NULL, NULL, NULL, FALSE, NULL, NULL, NULL, NULL, NULL, NULL, NULL, NULL),
  (346, '15145554200138', 'CATACORA', 'ASTO', 'ANYELI DANIELA', 'M', '62959570', NULL, NULL, '2011-10-12', NULL, NULL, NULL, NULL, NULL, FALSE, NULL, NULL, NULL, NULL, NULL, NULL, NULL, NULL),
  (347, '00000062887421', 'CEVALLOS', 'ALVAREZ', 'NAOMY CLARIBET', 'M', '62887421', NULL, NULL, '2011-07-23', NULL, NULL, NULL, NULL, NULL, FALSE, NULL, NULL, NULL, NULL, NULL, NULL, NULL, NULL),
  (348, '15133881300028', 'CONDORI', 'VALLEJOS', 'SOFIA BELEN', 'M', '81195532', NULL, NULL, '2011-06-22', NULL, NULL, NULL, NULL, NULL, FALSE, NULL, NULL, NULL, NULL, NULL, NULL, NULL, NULL),
  (349, '15089286900168', 'FLORES', 'MAMANI', 'MARK JUDA', 'H', '63795128', NULL, NULL, '2011-07-05', NULL, NULL, NULL, NULL, NULL, FALSE, NULL, NULL, NULL, NULL, NULL, NULL, NULL, NULL),
  (350, '00000077621858', 'GOMEZ', 'CCORIMANYA', 'NADIA PATRICIA', 'M', '77621858', NULL, NULL, '2012-02-28', NULL, NULL, NULL, NULL, NULL, FALSE, NULL, NULL, NULL, NULL, NULL, NULL, NULL, NULL),
  (351, '00000062702567', 'HUAMAN', 'CHINO', 'JEFFERSON', 'H', '62702567', NULL, NULL, '2010-12-21', NULL, NULL, NULL, NULL, NULL, FALSE, NULL, NULL, NULL, NULL, NULL, NULL, NULL, NULL),
  (352, '15089286900068', 'LOPEZ', 'TACO', 'IAN FRANCO', 'H', '62959817', NULL, NULL, '2011-10-02', NULL, NULL, NULL, NULL, NULL, FALSE, NULL, NULL, NULL, NULL, NULL, NULL, NULL, NULL),
  (353, '19021929500058', 'MADALENA', 'HERNANDEZ', 'VICTORIA SARAI', 'M', '058691605', NULL, NULL, '2011-01-07', NULL, NULL, NULL, NULL, NULL, FALSE, NULL, NULL, NULL, NULL, NULL, NULL, NULL, NULL),
  (354, '00000074792828', 'MURO', 'LOPEZ', 'VALERIA SOLANGE MILAGROS', 'M', '74792828', NULL, NULL, '2010-10-11', NULL, NULL, NULL, NULL, NULL, FALSE, NULL, NULL, NULL, NULL, NULL, NULL, NULL, NULL),
  (355, '00000062886247', 'PACO', 'ZUÑIGA', 'SEBASTIAN JOSUE', 'H', '62886247', NULL, NULL, '2011-07-11', NULL, NULL, NULL, NULL, NULL, FALSE, NULL, NULL, NULL, NULL, NULL, NULL, NULL, NULL),
  (356, '00000062886066', 'PEÑARANDA', 'VILCA', 'FABIAN ALONSO', 'H', '62886066', NULL, NULL, '2011-05-30', NULL, NULL, NULL, NULL, NULL, FALSE, NULL, NULL, NULL, NULL, NULL, NULL, NULL, NULL),
  (357, '00000063414442', 'QUIRITA', 'UMASI', 'RODRIGO ALDAIR', 'H', '63414442', NULL, NULL, '2011-10-10', NULL, NULL, NULL, NULL, NULL, FALSE, NULL, NULL, NULL, NULL, NULL, NULL, NULL, NULL),
  (358, '00000062834588', 'QUISPE', 'QUISPE', 'DAYANA MAYLY', 'M', '62834588', NULL, NULL, '2012-01-20', NULL, NULL, NULL, NULL, NULL, FALSE, NULL, NULL, NULL, NULL, NULL, NULL, NULL, NULL),
  (359, '00000063135837', 'ROJAS', 'CRUZ', 'LUCIANA ANDREA', 'M', '63135837', NULL, NULL, '2012-01-19', NULL, NULL, NULL, NULL, NULL, FALSE, NULL, NULL, NULL, NULL, NULL, NULL, NULL, NULL),
  (360, '00000063535863', 'ROJAS', 'RODRIGO', 'MAYFER CLARET', 'M', '63535863', NULL, NULL, '2011-09-20', NULL, NULL, NULL, NULL, NULL, FALSE, NULL, NULL, NULL, NULL, NULL, NULL, NULL, NULL),
  (361, '19137137600028', 'RUIZ', 'BRACAMONTE', 'ANTONELLA ALEJANDRA', 'M', NULL, NULL, NULL, '2011-02-07', NULL, NULL, NULL, NULL, NULL, FALSE, NULL, NULL, NULL, NULL, NULL, NULL, NULL, NULL),
  (362, '20028757300028', 'SEGOVIA', 'ARIAS', 'KEINERTH JOSÉ', 'H', NULL, NULL, NULL, '2011-09-14', NULL, NULL, NULL, NULL, NULL, FALSE, NULL, NULL, NULL, NULL, NULL, NULL, NULL, NULL),
  (363, '00000077625615', 'SILVANO', 'HUALINGA', 'CINTIA ALEXIS', 'M', '77625615', NULL, NULL, '2012-03-25', NULL, NULL, NULL, NULL, NULL, FALSE, NULL, NULL, NULL, NULL, NULL, NULL, NULL, NULL),
  (364, '15022575500138', 'TAIPE', 'DIAZ', 'HARVEY FABIAN', 'H', '62886988', NULL, NULL, '2011-08-02', NULL, NULL, NULL, NULL, NULL, FALSE, NULL, NULL, NULL, NULL, NULL, NULL, NULL, NULL),
  (365, '14022575500158', 'TEJADA', 'FLORES', 'JAIRO RAMIRO', 'H', '78359951', NULL, NULL, '2010-08-15', NULL, NULL, NULL, NULL, NULL, FALSE, NULL, NULL, NULL, NULL, NULL, NULL, NULL, NULL),
  (366, '15133814400028', 'TULA', 'MAMANI', 'XAVIER DARONY', 'H', '63170608', NULL, NULL, '2012-01-09', NULL, NULL, NULL, NULL, NULL, FALSE, NULL, NULL, NULL, NULL, NULL, NULL, NULL, NULL),
  (367, '15126348200068', 'TULA', 'SONCCO', 'CARLOS RODRIGO', 'H', '63093682', NULL, NULL, '2012-03-24', NULL, NULL, NULL, NULL, NULL, FALSE, NULL, NULL, NULL, NULL, NULL, NULL, NULL, NULL),
  (368, '00000062594545', 'CALACHUA', 'NUÑEZ', 'MARGARET BALERY', 'M', '62594545', NULL, NULL, '2010-04-22', NULL, NULL, NULL, NULL, NULL, FALSE, NULL, NULL, NULL, NULL, NULL, NULL, NULL, NULL),
  (369, '14022575500048', 'CASTRO', 'VALDERRAMA', 'KASSANDRA SOLANGE', 'M', '62701576', NULL, NULL, '2010-11-25', NULL, NULL, NULL, NULL, NULL, FALSE, NULL, NULL, NULL, NULL, NULL, NULL, NULL, NULL),
  (370, '12145310700018', 'CHAMBILLA', 'CHOQUEMAMANI', 'JOSUE MANUEL', 'H', '62678747', NULL, NULL, '2010-11-16', NULL, NULL, NULL, NULL, NULL, FALSE, NULL, NULL, NULL, NULL, NULL, NULL, NULL, NULL),
  (371, '23057829400010', 'CONTRERAS', 'RANGEL', 'DANIELA ANAHIS', 'M', NULL, NULL, NULL, '2010-06-08', NULL, NULL, NULL, NULL, NULL, FALSE, NULL, NULL, NULL, NULL, NULL, NULL, NULL, NULL),
  (372, '00000062583534', 'CORNEJO', 'MARIN', 'RODRIGO JAIR', 'H', '62583534', NULL, NULL, '2010-04-03', NULL, NULL, NULL, NULL, NULL, FALSE, NULL, NULL, NULL, NULL, NULL, NULL, NULL, NULL),
  (373, '00000062473332', 'FERNANDEZ', 'CCAMO', 'RUTH ZUNILDA', 'M', '62473332', NULL, NULL, '2011-01-21', NULL, NULL, NULL, NULL, NULL, FALSE, NULL, NULL, NULL, NULL, NULL, NULL, NULL, NULL),
  (374, '14022575500068', 'HUAMAN', 'CCOTO', 'JOSE MANUEL', 'H', '62652295', NULL, NULL, '2010-05-31', NULL, NULL, NULL, NULL, NULL, FALSE, NULL, NULL, NULL, NULL, NULL, NULL, NULL, NULL),
  (375, '00000062113144', 'JACINTO', 'RAMOS', 'JACOB', 'H', '62113144', NULL, NULL, '2010-05-12', NULL, NULL, NULL, NULL, NULL, FALSE, NULL, NULL, NULL, NULL, NULL, NULL, NULL, NULL),
  (376, '13147703100098', 'MACHACA', 'MINGA', 'ANDREA LUZMIEL', 'M', '62551783', NULL, NULL, '2010-04-10', NULL, NULL, NULL, NULL, NULL, FALSE, NULL, NULL, NULL, NULL, NULL, NULL, NULL, NULL),
  (377, '00000061991528', 'MAMANI', 'CHOQUE', 'MELISSA FERNANDA', 'M', '61991528', NULL, NULL, '2010-11-06', NULL, NULL, NULL, NULL, NULL, FALSE, NULL, NULL, NULL, NULL, NULL, NULL, NULL, NULL),
  (378, '15152885000018', 'MAMANI', 'CHUCTAYA', 'JIMENA NICOLL', 'M', '62171699', NULL, NULL, '2010-04-22', NULL, NULL, NULL, NULL, NULL, FALSE, NULL, NULL, NULL, NULL, NULL, NULL, NULL, NULL),
  (379, '15089302400158', 'MAMANI', 'MACEDO', 'SHAMIR ENRIQUE', 'H', '62457907', NULL, NULL, '2010-07-16', NULL, NULL, NULL, NULL, NULL, FALSE, NULL, NULL, NULL, NULL, NULL, NULL, NULL, NULL),
  (380, '00000061816540', 'MAMANI', 'MAMANI', 'LEONEL', 'H', '61816540', NULL, NULL, '2009-07-28', NULL, NULL, NULL, NULL, NULL, FALSE, NULL, NULL, NULL, NULL, NULL, NULL, NULL, NULL),
  (381, '00000062677663', 'MENDEZ', 'RIVAS', 'ANGEL PIERO', 'H', '62677663', NULL, NULL, '2010-10-06', NULL, NULL, NULL, NULL, NULL, FALSE, NULL, NULL, NULL, NULL, NULL, NULL, NULL, NULL),
  (382, '00000062385734', 'PARI', 'QUISPE', 'CARLOS EDUARDO', 'H', '62385734', NULL, NULL, '2010-05-27', NULL, NULL, NULL, NULL, NULL, FALSE, NULL, NULL, NULL, NULL, NULL, NULL, NULL, NULL),
  (383, '00000062137341', 'RODRIGO', 'PORTUGAL', 'MARIA VALENTINA', 'M', '62137341', NULL, NULL, '2010-11-03', NULL, NULL, NULL, NULL, NULL, FALSE, NULL, NULL, NULL, NULL, NULL, NULL, NULL, NULL),
  (384, '14022575500098', 'RODRIGUEZ', 'MAMANI', 'JUAN DIEGO', 'H', '62702395', NULL, NULL, '2010-11-26', NULL, NULL, NULL, NULL, NULL, FALSE, NULL, NULL, NULL, NULL, NULL, NULL, NULL, NULL),
  (385, '13145310700098', 'SURCO', 'FLORES', 'ALEXANDER WILLY', 'H', '62638235', NULL, NULL, '2010-05-10', NULL, NULL, NULL, NULL, NULL, FALSE, NULL, NULL, NULL, NULL, NULL, NULL, NULL, NULL),
  (386, '00000062508870', 'URBINA', 'MAMANI', 'ERICK ANTONNY', 'H', '62508870', NULL, NULL, '2010-08-19', NULL, NULL, NULL, NULL, NULL, FALSE, NULL, NULL, NULL, NULL, NULL, NULL, NULL, NULL),
  (387, '00000062678773', 'VILCA', 'HUACO', 'GIMENA DARIANA', 'M', '62678773', NULL, NULL, '2010-11-05', NULL, NULL, NULL, NULL, NULL, FALSE, NULL, NULL, NULL, NULL, NULL, NULL, NULL, NULL),
  (388, '00000062740840', 'YANA', 'RODRIGUEZ', 'LETICIA DANUZKA', 'M', '62740840', NULL, NULL, '2010-12-28', NULL, NULL, NULL, NULL, NULL, FALSE, NULL, NULL, NULL, NULL, NULL, NULL, NULL, NULL),
  (389, '00000062732730', 'AGUILAR', 'CCAPA', 'JANETH MARELY', 'M', '62732730', NULL, NULL, '2011-01-09', NULL, NULL, NULL, NULL, NULL, FALSE, NULL, NULL, NULL, NULL, NULL, NULL, NULL, NULL),
  (390, '00000061991545', 'ALVAREZ', 'CHOQUE', 'DANIELA BRIYIT', 'M', '61991545', NULL, NULL, '2011-03-30', NULL, NULL, NULL, NULL, NULL, FALSE, NULL, NULL, NULL, NULL, NULL, NULL, NULL, NULL),
  (391, '00000081093200', 'ARREDONDO', 'BORDA', 'NEYELY ANGELICA', 'M', '81093200', NULL, NULL, '2010-10-25', NULL, NULL, NULL, NULL, NULL, FALSE, NULL, NULL, NULL, NULL, NULL, NULL, NULL, NULL),
  (392, '00000060661685', 'BALBIN', 'AGÜERO', 'ANYELI PAMELA', 'M', '60661685', NULL, NULL, '2008-06-10', NULL, NULL, NULL, NULL, NULL, FALSE, NULL, NULL, NULL, NULL, NULL, NULL, NULL, NULL),
  (393, '00000063188702', 'BALBIN', 'AGÜERO', 'CARLOS THAYLOR', 'H', '63188702', NULL, NULL, '2010-04-11', NULL, NULL, NULL, NULL, NULL, FALSE, NULL, NULL, NULL, NULL, NULL, NULL, NULL, NULL),
  (394, '13147703100108', 'CACERES', 'TULA', 'CARLOS JOSHUE', 'H', '62516332', NULL, NULL, '2010-12-31', NULL, NULL, NULL, NULL, NULL, FALSE, NULL, NULL, NULL, NULL, NULL, NULL, NULL, NULL),
  (395, '00000077987002', 'CHILE', 'QUISPE', 'JONATAN JUVER', 'H', '77987002', NULL, NULL, '2010-06-06', NULL, NULL, NULL, NULL, NULL, FALSE, NULL, NULL, NULL, NULL, NULL, NULL, NULL, NULL),
  (396, '14145554200078', 'CONDORI', 'DIAZ', 'ANGELA YUREMY', 'M', '62457644', NULL, NULL, '2010-06-24', NULL, NULL, NULL, NULL, NULL, FALSE, NULL, NULL, NULL, NULL, NULL, NULL, NULL, NULL),
  (397, '14126348200028', 'FLORES', 'GONZALES', 'TELMA VALENTINA', 'M', '62741619', NULL, NULL, '2011-03-01', NULL, NULL, NULL, NULL, NULL, FALSE, NULL, NULL, NULL, NULL, NULL, NULL, NULL, NULL),
  (398, '00000074785420', 'HUALLPA', 'MALLMA', 'ALEXIS GUDIEL', 'H', '74785420', NULL, NULL, '2010-09-28', NULL, NULL, NULL, NULL, NULL, FALSE, NULL, NULL, NULL, NULL, NULL, NULL, NULL, NULL),
  (399, '13147703100078', 'JANAMPA', 'SERRANO', 'LEONARD', 'H', '62458461', NULL, NULL, '2010-08-10', NULL, NULL, NULL, NULL, NULL, FALSE, NULL, NULL, NULL, NULL, NULL, NULL, NULL, NULL),
  (400, '14126348200038', 'LUQUE', 'GUZMAN', 'ARACELY DAYANA', 'M', '62756624', NULL, NULL, '2011-03-09', NULL, NULL, NULL, NULL, NULL, FALSE, NULL, NULL, NULL, NULL, NULL, NULL, NULL, NULL),
  (401, '22022643100038', 'MENDEZ', 'RODRIGUEZ', 'CRISTIAN XAVIER', 'H', NULL, NULL, NULL, '2010-08-09', NULL, NULL, NULL, NULL, NULL, FALSE, NULL, NULL, NULL, NULL, NULL, NULL, NULL, NULL),
  (402, '00000062436895', 'MORA', 'QUISPE', 'LUNA URPI', 'M', '62436895', NULL, NULL, '2010-07-05', NULL, NULL, NULL, NULL, NULL, FALSE, NULL, NULL, NULL, NULL, NULL, NULL, NULL, NULL),
  (403, '14174433000038', 'PASTOR', 'MATUTE', 'ENITH ANEL', 'M', '62454839', NULL, NULL, '2010-08-15', NULL, NULL, NULL, NULL, NULL, FALSE, NULL, NULL, NULL, NULL, NULL, NULL, NULL, NULL),
  (404, '14145894200188', 'PEREZ', 'PAYE', 'YADHIRA MIRELLA', 'M', '62446091', NULL, NULL, '2010-08-07', NULL, NULL, NULL, NULL, NULL, FALSE, NULL, NULL, NULL, NULL, NULL, NULL, NULL, NULL),
  (405, '00000062361178', 'QUISPE', 'HUAMANI', 'LUZ BRISAYDA', 'M', '62361178', NULL, NULL, '2011-01-20', NULL, NULL, NULL, NULL, NULL, FALSE, NULL, NULL, NULL, NULL, NULL, NULL, NULL, NULL),
  (406, '15241592100018', 'SULLCA', 'HANCCO', 'ABRAHAN EDU', 'H', '62784002', NULL, NULL, '2011-03-28', NULL, NULL, NULL, NULL, NULL, FALSE, NULL, NULL, NULL, NULL, NULL, NULL, NULL, NULL),
  (407, '00000061824998', 'TARIFA', 'SURCO', 'YAHIR', 'H', '61824998', NULL, NULL, '2009-06-16', NULL, NULL, NULL, NULL, NULL, FALSE, NULL, NULL, NULL, NULL, NULL, NULL, NULL, NULL),
  (408, '13126348200088', 'VILCAPE', 'MAMANI', 'FRANK DIEGO', 'H', '61825862', NULL, NULL, '2009-06-03', NULL, NULL, NULL, NULL, NULL, FALSE, NULL, NULL, NULL, NULL, NULL, NULL, NULL, NULL),
  (409, '12145554200028', 'ANAHUA', 'QUISPE', 'EHIDAN VICTOR', 'H', '61414103', NULL, NULL, '2008-07-26', NULL, NULL, NULL, NULL, NULL, FALSE, NULL, NULL, NULL, NULL, NULL, NULL, NULL, NULL),
  (410, '13022508600068', 'APAZA', 'YANARICO', 'FIORELA BRIGGITTE', 'M', '62593600', NULL, NULL, '2010-02-20', NULL, NULL, NULL, NULL, NULL, FALSE, NULL, NULL, NULL, NULL, NULL, NULL, NULL, NULL),
  (411, '13163108400138', 'CABRERA', 'MARTINEZ', 'LUJAN DEL ROCIO', 'M', '61826064', NULL, NULL, '2009-06-22', NULL, NULL, NULL, NULL, NULL, FALSE, NULL, NULL, NULL, NULL, NULL, NULL, NULL, NULL),
  (412, '00000063535839', 'CHOQUE', 'CASA', 'JUAN GABRIEL', 'H', '63535839', NULL, NULL, '2010-03-27', NULL, NULL, NULL, NULL, NULL, FALSE, NULL, NULL, NULL, NULL, NULL, NULL, NULL, NULL),
  (413, '00000061921783', 'CHOQUEMAQUE', 'COLQUE', 'MELISSA NIKOL', 'M', '61921783', NULL, NULL, '2010-03-13', NULL, NULL, NULL, NULL, NULL, FALSE, NULL, NULL, NULL, NULL, NULL, NULL, NULL, NULL),
  (414, '14022553200288', 'DAVILA', 'HUMPIRI', 'MARIANA LIZETH', 'M', '78592709', NULL, NULL, '2009-07-18', NULL, NULL, NULL, NULL, NULL, FALSE, NULL, NULL, NULL, NULL, NULL, NULL, NULL, NULL),
  (415, '00000061800695', 'GUILLEN', 'CCORAHUA', 'JULIO RODRIGO', 'H', '61800695', NULL, NULL, '2009-05-22', NULL, NULL, NULL, NULL, NULL, FALSE, NULL, NULL, NULL, NULL, NULL, NULL, NULL, NULL),
  (416, '00000061824969', 'HUIRMA', 'VALENCIA', 'HUGO ARMANDO', 'H', '61824969', NULL, NULL, '2009-06-03', NULL, NULL, NULL, NULL, NULL, FALSE, NULL, NULL, NULL, NULL, NULL, NULL, NULL, NULL),
  (417, '00000061800493', 'MAMANI', 'TITO', 'AVRIL ANYELI', 'M', '61800493', NULL, NULL, '2009-04-22', NULL, NULL, NULL, NULL, NULL, FALSE, NULL, NULL, NULL, NULL, NULL, NULL, NULL, NULL),
  (418, '14120202700018', 'MENDOZA', 'FIGUEROA', 'VALERI ALESSANDRA', 'M', '61054171', NULL, NULL, '2007-07-16', NULL, NULL, NULL, NULL, NULL, FALSE, NULL, NULL, NULL, NULL, NULL, NULL, NULL, NULL),
  (419, '00000061928865', 'OCHOA', 'FERNANDEZ', 'JOSE MANUEL', 'H', '61928865', NULL, NULL, '2009-12-17', NULL, NULL, NULL, NULL, NULL, FALSE, NULL, NULL, NULL, NULL, NULL, NULL, NULL, NULL),
  (420, '00000061802117', 'ORDOÑEZ', 'LABAN', 'TONNY AXEL', 'H', '61802117', NULL, NULL, '2009-06-30', NULL, NULL, NULL, NULL, NULL, FALSE, NULL, NULL, NULL, NULL, NULL, NULL, NULL, NULL),
  (421, '00000061883814', 'ORTIZ', 'TAIPE', 'YEIKO ANYELO', 'H', '61883814', NULL, NULL, '2010-02-01', NULL, NULL, NULL, NULL, NULL, FALSE, NULL, NULL, NULL, NULL, NULL, NULL, NULL, NULL),
  (422, '00000061892497', 'PACHA', 'OBANDO', 'ESTEFANY KASANDRA', 'M', '61892497', NULL, NULL, '2009-08-28', NULL, NULL, NULL, NULL, NULL, FALSE, NULL, NULL, NULL, NULL, NULL, NULL, NULL, NULL),
  (423, '13245632100028', 'QUISPE', 'SULLO', 'JULIO CESAR', 'H', '61574960', NULL, NULL, '2009-08-30', NULL, NULL, NULL, NULL, NULL, FALSE, NULL, NULL, NULL, NULL, NULL, NULL, NULL, NULL),
  (424, '13147851000018', 'RAYME', 'AGUILAR', 'RONY', 'H', '61708669', NULL, NULL, '2009-09-01', NULL, NULL, NULL, NULL, NULL, FALSE, NULL, NULL, NULL, NULL, NULL, NULL, NULL, NULL),
  (425, '13075005900198', 'ROQUE', 'CCORAHUA', 'GABRIEL ALEXANDER', 'H', '62562461', NULL, NULL, '2010-01-17', NULL, NULL, NULL, NULL, NULL, FALSE, NULL, NULL, NULL, NULL, NULL, NULL, NULL, NULL),
  (426, '00000061894606', 'SALAS', 'MEDINA', 'JOAN JOSUE', 'H', '61894606', NULL, NULL, '2009-11-29', NULL, NULL, NULL, NULL, NULL, FALSE, NULL, NULL, NULL, NULL, NULL, NULL, NULL, NULL),
  (427, '00000062347602', 'SIFUENTES', 'QUISPE', 'NICOLAS AUGUSTO', 'H', '62347602', NULL, NULL, '2009-12-04', NULL, NULL, NULL, NULL, NULL, FALSE, NULL, NULL, NULL, NULL, NULL, NULL, NULL, NULL),
  (428, '13145554200068', 'TORRES', 'HANCCO', 'DANIELA MICHELL', 'M', '62818330', NULL, NULL, '2010-02-27', NULL, NULL, NULL, NULL, NULL, FALSE, NULL, NULL, NULL, NULL, NULL, NULL, NULL, NULL),
  (429, '00000062765923', 'UNSUETA', 'SERRANO', 'FRANK DEIVIS', 'H', '62765923', NULL, NULL, '2009-10-07', NULL, NULL, NULL, NULL, NULL, FALSE, NULL, NULL, NULL, NULL, NULL, NULL, NULL, NULL),
  (430, '00000061630787', 'VALLEJO', 'CCOYLLULLI', 'FLOR ARELI', 'M', '61630787', NULL, NULL, '2009-12-16', NULL, NULL, NULL, NULL, NULL, FALSE, NULL, NULL, NULL, NULL, NULL, NULL, NULL, NULL),
  (431, '14145554200238', 'VERA', 'CONDORI', 'LI CAROLINA', 'M', '61938187', NULL, NULL, '2009-05-01', NULL, NULL, NULL, NULL, NULL, FALSE, NULL, NULL, NULL, NULL, NULL, NULL, NULL, NULL),
  (432, '14133814400028', 'YUPA', 'QUISPE', 'DAVID RICARDO JUNIOR', 'H', '61897571', NULL, NULL, '2009-10-06', NULL, NULL, NULL, NULL, NULL, FALSE, NULL, NULL, NULL, NULL, NULL, NULL, NULL, NULL),
  (433, '13161029400038', 'ALDUDE', 'CENTENO', 'JHOSEP FERNANDO', 'H', '61758827', NULL, NULL, '2009-05-19', NULL, NULL, NULL, NULL, NULL, FALSE, NULL, NULL, NULL, NULL, NULL, NULL, NULL, NULL),
  (434, '12133296400530', 'ANQUISE', 'YANA', 'MIGUEL ANGEL RAUL', 'H', '62562842', NULL, NULL, '2010-02-23', NULL, NULL, NULL, NULL, NULL, FALSE, NULL, NULL, NULL, NULL, NULL, NULL, NULL, NULL),
  (435, '00000061799346', 'ARAPA', 'TUPAC', 'ANTHONY BERNY', 'H', '61799346', NULL, NULL, '2009-05-09', NULL, NULL, NULL, NULL, NULL, FALSE, NULL, NULL, NULL, NULL, NULL, NULL, NULL, NULL),
  (436, '00000061893790', 'ARMA', 'CCALLUCHE', 'YALU ARACELY', 'M', '61893790', NULL, NULL, '2009-10-11', NULL, NULL, NULL, NULL, NULL, FALSE, NULL, NULL, NULL, NULL, NULL, NULL, NULL, NULL),
  (437, '00000062469641', 'ARREDONDO', 'BORDA', 'MARIA FERNANDA', 'M', '62469641', NULL, NULL, '2009-11-24', NULL, NULL, NULL, NULL, NULL, FALSE, NULL, NULL, NULL, NULL, NULL, NULL, NULL, NULL),
  (438, '13126348200108', 'BEDOYA', 'QUISPE', 'ANGEL YEYSON', 'H', '61459634', NULL, NULL, '2008-12-25', NULL, NULL, NULL, NULL, NULL, FALSE, NULL, NULL, NULL, NULL, NULL, NULL, NULL, NULL),
  (439, '13145554200098', 'CCANCHILLO', 'GUZMAN', 'ROBINHO', 'H', '61455977', NULL, NULL, '2008-09-15', NULL, NULL, NULL, NULL, NULL, FALSE, NULL, NULL, NULL, NULL, NULL, NULL, NULL, NULL),
  (440, '00000061968741', 'CCOTO', 'CAYANI', 'NIKOL TAYRA', 'M', '61968741', NULL, NULL, '2009-07-14', NULL, NULL, NULL, NULL, NULL, FALSE, NULL, NULL, NULL, NULL, NULL, NULL, NULL, NULL),
  (441, '00000061893892', 'CONDORI', 'MAMANI', 'CARLOS DANIEL', 'H', '61893892', NULL, NULL, '2009-11-13', NULL, NULL, NULL, NULL, NULL, FALSE, NULL, NULL, NULL, NULL, NULL, NULL, NULL, NULL),
  (442, '13126348200028', 'CUTIPA', 'CHISE', 'RICARDO MAXIMO', 'H', '62820387', NULL, NULL, '2009-05-15', NULL, NULL, NULL, NULL, NULL, FALSE, NULL, NULL, NULL, NULL, NULL, NULL, NULL, NULL),
  (443, '00000061847829', 'FARFAN', 'PUMA', 'MIGUEL BRANDO', 'H', '61847829', NULL, NULL, '2009-08-05', NULL, NULL, NULL, NULL, NULL, FALSE, NULL, NULL, NULL, NULL, NULL, NULL, NULL, NULL),
  (444, '00000060330186', 'FLORES', 'SOTO', 'MENLY JHONSO', 'H', '60330186', NULL, NULL, '2009-11-30', NULL, NULL, NULL, NULL, NULL, FALSE, NULL, NULL, NULL, NULL, NULL, NULL, NULL, NULL),
  (445, '00000061800319', 'HUAMAN', 'AMANQUI', 'TANIA CAMILA', 'M', '61800319', NULL, NULL, '2009-05-07', NULL, NULL, NULL, NULL, NULL, FALSE, NULL, NULL, NULL, NULL, NULL, NULL, NULL, NULL),
  (446, '13133881300118', 'IDME', 'IDME', 'ERICK SALVADOR', 'H', '62516300', NULL, NULL, '2009-08-02', NULL, NULL, NULL, NULL, NULL, FALSE, NULL, NULL, NULL, NULL, NULL, NULL, NULL, NULL),
  (447, '12145311000070', 'MAMANI', 'ARAPA', 'DAISY', 'M', '61635477', NULL, NULL, '2009-07-22', NULL, NULL, NULL, NULL, NULL, FALSE, NULL, NULL, NULL, NULL, NULL, NULL, NULL, NULL),
  (448, '00000061974414', 'MASCO', 'AYVAR', 'EVO ESTANISLAO', 'H', '61974414', NULL, NULL, '2009-11-27', NULL, NULL, NULL, NULL, NULL, FALSE, NULL, NULL, NULL, NULL, NULL, NULL, NULL, NULL),
  (449, '13151760200108', 'MOTTOCCANCHI', 'AYAMAMANI', 'PIERINA MIZU', 'M', '61938176', NULL, NULL, '2009-04-10', NULL, NULL, NULL, NULL, NULL, FALSE, NULL, NULL, NULL, NULL, NULL, NULL, NULL, NULL),
  (450, '00000061461252', 'NUÑONCA', 'FLORES', 'ROBERT ALEXANDER', 'H', '61461252', NULL, NULL, '2009-02-05', NULL, NULL, NULL, NULL, NULL, FALSE, NULL, NULL, NULL, NULL, NULL, NULL, NULL, NULL),
  (451, '13147702800108', 'PALLI', 'ENRIQUEZ', 'GEORGE RICARDO', 'H', '62352132', NULL, NULL, '2009-12-20', NULL, NULL, NULL, NULL, NULL, FALSE, NULL, NULL, NULL, NULL, NULL, NULL, NULL, NULL),
  (452, '00000062313012', 'PARI', 'CONDORI', 'IAN FLAVIO CESAR', 'H', '62313012', NULL, NULL, '2009-11-02', NULL, NULL, NULL, NULL, NULL, FALSE, NULL, NULL, NULL, NULL, NULL, NULL, NULL, NULL),
  (453, '00000062372440', 'PILA', 'QUISPE', 'MISHEYDA', 'M', '62372440', NULL, NULL, '2010-03-09', NULL, NULL, NULL, NULL, NULL, FALSE, NULL, NULL, NULL, NULL, NULL, NULL, NULL, NULL),
  (454, '00000061825377', 'PUMA', 'YUPANQUI', 'YOSELIN KEILA', 'M', '61825377', NULL, NULL, '2009-07-06', NULL, NULL, NULL, NULL, NULL, FALSE, NULL, NULL, NULL, NULL, NULL, NULL, NULL, NULL),
  (455, '00000061730564', 'SARMIENTO', 'SARMIENTO', 'SEBASTIAN OLMAR', 'H', '61730564', NULL, NULL, '2009-07-05', NULL, NULL, NULL, NULL, NULL, FALSE, NULL, NULL, NULL, NULL, NULL, NULL, NULL, NULL),
  (456, '00000073556401', 'TUFIÑO', 'HURTADO', 'NOEMI ESTHER', 'M', '73556401', NULL, NULL, '2009-07-19', NULL, NULL, NULL, NULL, NULL, FALSE, NULL, NULL, NULL, NULL, NULL, NULL, NULL, NULL),
  (457, '00000062557422', 'YUCRA', 'VALENCIA', 'NAYSHEL CLARIBEHT', 'M', '62557422', NULL, NULL, '2010-02-22', NULL, NULL, NULL, NULL, NULL, FALSE, NULL, NULL, NULL, NULL, NULL, NULL, NULL, NULL)
ON CONFLICT (dni) WHERE dni IS NOT NULL DO NOTHING;

SELECT setval('estudiantes_id_seq', 457);

-- ============================================================
-- MATRÍCULAS 2026
-- ============================================================

INSERT INTO matriculas
  (id, estudiante_id, grado_id, seccion_id, anio_id, fecha_matricula, estado_matricula, tipo_vacante)
VALUES
  (1, 1, 2, 3, 1, CURRENT_DATE, 'DEFINITIVA', NULL),
  (2, 2, 2, 3, 1, CURRENT_DATE, 'DEFINITIVA', NULL),
  (3, 3, 2, 3, 1, CURRENT_DATE, 'DEFINITIVA', NULL),
  (4, 4, 2, 3, 1, CURRENT_DATE, 'DEFINITIVA', NULL),
  (5, 5, 2, 3, 1, CURRENT_DATE, 'DEFINITIVA', NULL),
  (6, 6, 2, 3, 1, CURRENT_DATE, 'DEFINITIVA', NULL),
  (7, 7, 2, 3, 1, CURRENT_DATE, 'DEFINITIVA', NULL),
  (8, 8, 2, 3, 1, CURRENT_DATE, 'DEFINITIVA', NULL),
  (9, 9, 2, 3, 1, CURRENT_DATE, 'DEFINITIVA', NULL),
  (10, 10, 2, 3, 1, CURRENT_DATE, 'DEFINITIVA', NULL),
  (11, 11, 2, 3, 1, CURRENT_DATE, 'DEFINITIVA', NULL),
  (12, 12, 2, 3, 1, CURRENT_DATE, 'DEFINITIVA', NULL),
  (13, 13, 2, 3, 1, CURRENT_DATE, 'DEFINITIVA', NULL),
  (14, 14, 2, 3, 1, CURRENT_DATE, 'DEFINITIVA', NULL),
  (15, 15, 2, 3, 1, CURRENT_DATE, 'DEFINITIVA', NULL),
  (16, 16, 2, 3, 1, CURRENT_DATE, 'DEFINITIVA', NULL),
  (17, 17, 2, 3, 1, CURRENT_DATE, 'DEFINITIVA', NULL),
  (18, 18, 2, 3, 1, CURRENT_DATE, 'DEFINITIVA', NULL),
  (19, 19, 2, 3, 1, CURRENT_DATE, 'DEFINITIVA', NULL),
  (20, 20, 4, 6, 1, CURRENT_DATE, 'DEFINITIVA', NULL),
  (21, 21, 4, 6, 1, CURRENT_DATE, 'DEFINITIVA', NULL),
  (22, 22, 4, 6, 1, CURRENT_DATE, 'DEFINITIVA', NULL),
  (23, 23, 4, 6, 1, CURRENT_DATE, 'DEFINITIVA', NULL),
  (24, 24, 4, 6, 1, CURRENT_DATE, 'DEFINITIVA', NULL),
  (25, 25, 4, 6, 1, CURRENT_DATE, 'DEFINITIVA', NULL),
  (26, 26, 4, 6, 1, CURRENT_DATE, 'DEFINITIVA', NULL),
  (27, 27, 4, 6, 1, CURRENT_DATE, 'DEFINITIVA', NULL),
  (28, 28, 4, 6, 1, CURRENT_DATE, 'DEFINITIVA', NULL),
  (29, 29, 4, 6, 1, CURRENT_DATE, 'DEFINITIVA', NULL),
  (30, 30, 4, 6, 1, CURRENT_DATE, 'DEFINITIVA', NULL),
  (31, 31, 4, 6, 1, CURRENT_DATE, 'DEFINITIVA', NULL),
  (32, 32, 4, 6, 1, CURRENT_DATE, 'DEFINITIVA', NULL),
  (33, 33, 4, 6, 1, CURRENT_DATE, 'DEFINITIVA', NULL),
  (34, 34, 4, 6, 1, CURRENT_DATE, 'DEFINITIVA', NULL),
  (35, 35, 4, 6, 1, CURRENT_DATE, 'DEFINITIVA', NULL),
  (36, 36, 4, 7, 1, CURRENT_DATE, 'DEFINITIVA', NULL),
  (37, 37, 4, 7, 1, CURRENT_DATE, 'DEFINITIVA', NULL),
  (38, 38, 4, 7, 1, CURRENT_DATE, 'DEFINITIVA', NULL),
  (39, 39, 4, 7, 1, CURRENT_DATE, 'DEFINITIVA', NULL),
  (40, 40, 4, 7, 1, CURRENT_DATE, 'DEFINITIVA', NULL),
  (41, 41, 4, 7, 1, CURRENT_DATE, 'DEFINITIVA', NULL),
  (42, 42, 4, 7, 1, CURRENT_DATE, 'DEFINITIVA', NULL),
  (43, 43, 4, 7, 1, CURRENT_DATE, 'DEFINITIVA', NULL),
  (44, 44, 4, 7, 1, CURRENT_DATE, 'DEFINITIVA', NULL),
  (45, 45, 4, 7, 1, CURRENT_DATE, 'DEFINITIVA', NULL),
  (46, 46, 4, 7, 1, CURRENT_DATE, 'DEFINITIVA', NULL),
  (47, 47, 4, 7, 1, CURRENT_DATE, 'DEFINITIVA', NULL),
  (48, 48, 6, 10, 1, CURRENT_DATE, 'DEFINITIVA', NULL),
  (49, 49, 6, 10, 1, CURRENT_DATE, 'DEFINITIVA', NULL),
  (50, 50, 6, 10, 1, CURRENT_DATE, 'DEFINITIVA', NULL),
  (51, 51, 6, 10, 1, CURRENT_DATE, 'DEFINITIVA', NULL),
  (52, 52, 6, 10, 1, CURRENT_DATE, 'DEFINITIVA', NULL),
  (53, 53, 6, 10, 1, CURRENT_DATE, 'DEFINITIVA', NULL),
  (54, 54, 6, 10, 1, CURRENT_DATE, 'DEFINITIVA', NULL),
  (55, 55, 6, 10, 1, CURRENT_DATE, 'DEFINITIVA', NULL),
  (56, 56, 6, 10, 1, CURRENT_DATE, 'DEFINITIVA', NULL),
  (57, 57, 6, 10, 1, CURRENT_DATE, 'DEFINITIVA', NULL),
  (58, 58, 6, 10, 1, CURRENT_DATE, 'DEFINITIVA', NULL),
  (59, 59, 6, 10, 1, CURRENT_DATE, 'DEFINITIVA', NULL),
  (60, 60, 6, 10, 1, CURRENT_DATE, 'DEFINITIVA', NULL),
  (61, 61, 6, 10, 1, CURRENT_DATE, 'DEFINITIVA', NULL),
  (62, 62, 6, 10, 1, CURRENT_DATE, 'DEFINITIVA', NULL),
  (63, 63, 6, 10, 1, CURRENT_DATE, 'DEFINITIVA', NULL),
  (64, 64, 6, 10, 1, CURRENT_DATE, 'DEFINITIVA', NULL),
  (65, 65, 6, 11, 1, CURRENT_DATE, 'DEFINITIVA', NULL),
  (66, 66, 6, 11, 1, CURRENT_DATE, 'DEFINITIVA', NULL),
  (67, 67, 6, 11, 1, CURRENT_DATE, 'DEFINITIVA', NULL),
  (68, 68, 6, 11, 1, CURRENT_DATE, 'DEFINITIVA', NULL),
  (69, 69, 6, 11, 1, CURRENT_DATE, 'DEFINITIVA', NULL),
  (70, 70, 6, 11, 1, CURRENT_DATE, 'DEFINITIVA', NULL),
  (71, 71, 6, 11, 1, CURRENT_DATE, 'DEFINITIVA', NULL),
  (72, 72, 6, 11, 1, CURRENT_DATE, 'DEFINITIVA', NULL),
  (73, 73, 6, 11, 1, CURRENT_DATE, 'DEFINITIVA', NULL),
  (74, 74, 6, 11, 1, CURRENT_DATE, 'DEFINITIVA', NULL),
  (75, 75, 6, 11, 1, CURRENT_DATE, 'DEFINITIVA', NULL),
  (76, 76, 6, 11, 1, CURRENT_DATE, 'DEFINITIVA', NULL),
  (77, 77, 6, 11, 1, CURRENT_DATE, 'DEFINITIVA', NULL),
  (78, 78, 6, 11, 1, CURRENT_DATE, 'DEFINITIVA', NULL),
  (79, 79, 6, 11, 1, CURRENT_DATE, 'DEFINITIVA', NULL),
  (80, 80, 6, 11, 1, CURRENT_DATE, 'DEFINITIVA', NULL),
  (81, 81, 1, 1, 1, CURRENT_DATE, 'DEFINITIVA', NULL),
  (82, 82, 1, 1, 1, CURRENT_DATE, 'DEFINITIVA', NULL),
  (83, 83, 1, 1, 1, CURRENT_DATE, 'DEFINITIVA', NULL),
  (84, 84, 1, 1, 1, CURRENT_DATE, 'DEFINITIVA', NULL),
  (85, 85, 1, 1, 1, CURRENT_DATE, 'DEFINITIVA', NULL),
  (86, 86, 1, 1, 1, CURRENT_DATE, 'DEFINITIVA', NULL),
  (87, 87, 1, 1, 1, CURRENT_DATE, 'DEFINITIVA', NULL),
  (88, 88, 1, 1, 1, CURRENT_DATE, 'DEFINITIVA', NULL),
  (89, 89, 1, 1, 1, CURRENT_DATE, 'DEFINITIVA', NULL),
  (90, 90, 1, 1, 1, CURRENT_DATE, 'DEFINITIVA', NULL),
  (91, 91, 1, 1, 1, CURRENT_DATE, 'DEFINITIVA', NULL),
  (92, 92, 1, 1, 1, CURRENT_DATE, 'DEFINITIVA', NULL),
  (93, 93, 1, 1, 1, CURRENT_DATE, 'DEFINITIVA', NULL),
  (94, 94, 1, 1, 1, CURRENT_DATE, 'DEFINITIVA', NULL),
  (95, 95, 1, 1, 1, CURRENT_DATE, 'DEFINITIVA', NULL),
  (96, 96, 1, 1, 1, CURRENT_DATE, 'DEFINITIVA', NULL),
  (97, 97, 1, 1, 1, CURRENT_DATE, 'DEFINITIVA', NULL),
  (98, 98, 1, 1, 1, CURRENT_DATE, 'DEFINITIVA', NULL),
  (99, 99, 1, 2, 1, CURRENT_DATE, 'DEFINITIVA', NULL),
  (100, 100, 1, 2, 1, CURRENT_DATE, 'DEFINITIVA', NULL),
  (101, 101, 1, 2, 1, CURRENT_DATE, 'DEFINITIVA', NULL),
  (102, 102, 1, 2, 1, CURRENT_DATE, 'DEFINITIVA', NULL),
  (103, 103, 1, 2, 1, CURRENT_DATE, 'DEFINITIVA', NULL),
  (104, 104, 1, 2, 1, CURRENT_DATE, 'DEFINITIVA', NULL),
  (105, 105, 1, 2, 1, CURRENT_DATE, 'DEFINITIVA', NULL),
  (106, 106, 1, 2, 1, CURRENT_DATE, 'DEFINITIVA', NULL),
  (107, 107, 1, 2, 1, CURRENT_DATE, 'DEFINITIVA', NULL),
  (108, 108, 1, 2, 1, CURRENT_DATE, 'DEFINITIVA', NULL),
  (109, 109, 1, 2, 1, CURRENT_DATE, 'DEFINITIVA', NULL),
  (110, 110, 1, 2, 1, CURRENT_DATE, 'DEFINITIVA', NULL),
  (111, 111, 1, 2, 1, CURRENT_DATE, 'DEFINITIVA', NULL),
  (112, 112, 1, 2, 1, CURRENT_DATE, 'DEFINITIVA', NULL),
  (113, 113, 1, 2, 1, CURRENT_DATE, 'DEFINITIVA', NULL),
  (114, 114, 1, 2, 1, CURRENT_DATE, 'DEFINITIVA', NULL),
  (115, 115, 1, 2, 1, CURRENT_DATE, 'DEFINITIVA', NULL),
  (116, 116, 1, 2, 1, CURRENT_DATE, 'DEFINITIVA', NULL),
  (117, 117, 1, 2, 1, CURRENT_DATE, 'DEFINITIVA', NULL),
  (118, 118, 1, 2, 1, CURRENT_DATE, 'DEFINITIVA', NULL),
  (119, 119, 3, 4, 1, CURRENT_DATE, 'DEFINITIVA', NULL),
  (120, 120, 3, 4, 1, CURRENT_DATE, 'DEFINITIVA', NULL),
  (121, 121, 3, 4, 1, CURRENT_DATE, 'DEFINITIVA', NULL),
  (122, 122, 3, 4, 1, CURRENT_DATE, 'DEFINITIVA', NULL),
  (123, 123, 3, 4, 1, CURRENT_DATE, 'DEFINITIVA', NULL),
  (124, 124, 3, 4, 1, CURRENT_DATE, 'DEFINITIVA', NULL),
  (125, 125, 3, 4, 1, CURRENT_DATE, 'DEFINITIVA', NULL),
  (126, 126, 3, 4, 1, CURRENT_DATE, 'DEFINITIVA', NULL),
  (127, 127, 3, 4, 1, CURRENT_DATE, 'DEFINITIVA', NULL),
  (128, 128, 3, 4, 1, CURRENT_DATE, 'DEFINITIVA', NULL),
  (129, 129, 3, 4, 1, CURRENT_DATE, 'DEFINITIVA', NULL),
  (130, 130, 3, 4, 1, CURRENT_DATE, 'DEFINITIVA', NULL),
  (131, 131, 3, 4, 1, CURRENT_DATE, 'DEFINITIVA', NULL),
  (132, 132, 3, 4, 1, CURRENT_DATE, 'DEFINITIVA', NULL),
  (133, 133, 3, 4, 1, CURRENT_DATE, 'DEFINITIVA', NULL),
  (134, 134, 3, 4, 1, CURRENT_DATE, 'DEFINITIVA', NULL),
  (135, 135, 3, 4, 1, CURRENT_DATE, 'DEFINITIVA', NULL),
  (136, 136, 3, 4, 1, CURRENT_DATE, 'DEFINITIVA', NULL),
  (137, 137, 3, 4, 1, CURRENT_DATE, 'DEFINITIVA', NULL),
  (138, 138, 3, 4, 1, CURRENT_DATE, 'DEFINITIVA', NULL),
  (139, 139, 3, 4, 1, CURRENT_DATE, 'DEFINITIVA', NULL),
  (140, 140, 3, 4, 1, CURRENT_DATE, 'DEFINITIVA', NULL),
  (141, 141, 3, 4, 1, CURRENT_DATE, 'DEFINITIVA', NULL),
  (142, 142, 3, 4, 1, CURRENT_DATE, 'DEFINITIVA', NULL),
  (143, 143, 3, 5, 1, CURRENT_DATE, 'DEFINITIVA', NULL),
  (144, 144, 3, 5, 1, CURRENT_DATE, 'DEFINITIVA', NULL),
  (145, 145, 3, 5, 1, CURRENT_DATE, 'DEFINITIVA', NULL),
  (146, 146, 3, 5, 1, CURRENT_DATE, 'DEFINITIVA', NULL),
  (147, 147, 3, 5, 1, CURRENT_DATE, 'DEFINITIVA', NULL),
  (148, 148, 3, 5, 1, CURRENT_DATE, 'DEFINITIVA', NULL),
  (149, 149, 3, 5, 1, CURRENT_DATE, 'DEFINITIVA', NULL),
  (150, 150, 3, 5, 1, CURRENT_DATE, 'DEFINITIVA', NULL),
  (151, 151, 3, 5, 1, CURRENT_DATE, 'DEFINITIVA', NULL),
  (152, 152, 3, 5, 1, CURRENT_DATE, 'DEFINITIVA', NULL),
  (153, 153, 3, 5, 1, CURRENT_DATE, 'DEFINITIVA', NULL),
  (154, 154, 3, 5, 1, CURRENT_DATE, 'DEFINITIVA', NULL),
  (155, 155, 3, 5, 1, CURRENT_DATE, 'DEFINITIVA', NULL),
  (156, 156, 3, 5, 1, CURRENT_DATE, 'DEFINITIVA', NULL),
  (157, 157, 3, 5, 1, CURRENT_DATE, 'DEFINITIVA', NULL),
  (158, 158, 3, 5, 1, CURRENT_DATE, 'DEFINITIVA', NULL),
  (159, 159, 3, 5, 1, CURRENT_DATE, 'DEFINITIVA', NULL),
  (160, 160, 3, 5, 1, CURRENT_DATE, 'DEFINITIVA', NULL),
  (161, 161, 3, 5, 1, CURRENT_DATE, 'DEFINITIVA', NULL),
  (162, 162, 3, 5, 1, CURRENT_DATE, 'DEFINITIVA', NULL),
  (163, 163, 3, 5, 1, CURRENT_DATE, 'DEFINITIVA', NULL),
  (164, 164, 3, 5, 1, CURRENT_DATE, 'DEFINITIVA', NULL),
  (165, 165, 3, 5, 1, CURRENT_DATE, 'DEFINITIVA', NULL),
  (166, 166, 3, 5, 1, CURRENT_DATE, 'DEFINITIVA', NULL),
  (167, 167, 3, 5, 1, CURRENT_DATE, 'DEFINITIVA', NULL),
  (168, 168, 5, 8, 1, CURRENT_DATE, 'DEFINITIVA', NULL),
  (169, 169, 5, 8, 1, CURRENT_DATE, 'DEFINITIVA', NULL),
  (170, 170, 5, 8, 1, CURRENT_DATE, 'DEFINITIVA', NULL),
  (171, 171, 5, 8, 1, CURRENT_DATE, 'DEFINITIVA', NULL),
  (172, 172, 5, 8, 1, CURRENT_DATE, 'DEFINITIVA', NULL),
  (173, 173, 5, 8, 1, CURRENT_DATE, 'DEFINITIVA', NULL),
  (174, 174, 5, 8, 1, CURRENT_DATE, 'DEFINITIVA', NULL),
  (175, 175, 5, 8, 1, CURRENT_DATE, 'DEFINITIVA', NULL),
  (176, 176, 5, 8, 1, CURRENT_DATE, 'DEFINITIVA', NULL),
  (177, 177, 5, 8, 1, CURRENT_DATE, 'DEFINITIVA', NULL),
  (178, 178, 5, 8, 1, CURRENT_DATE, 'DEFINITIVA', NULL),
  (179, 179, 5, 8, 1, CURRENT_DATE, 'DEFINITIVA', NULL),
  (180, 180, 5, 8, 1, CURRENT_DATE, 'DEFINITIVA', NULL),
  (181, 181, 5, 8, 1, CURRENT_DATE, 'DEFINITIVA', NULL),
  (182, 182, 5, 8, 1, CURRENT_DATE, 'DEFINITIVA', NULL),
  (183, 183, 5, 8, 1, CURRENT_DATE, 'DEFINITIVA', NULL),
  (184, 184, 5, 8, 1, CURRENT_DATE, 'DEFINITIVA', NULL),
  (185, 185, 5, 8, 1, CURRENT_DATE, 'DEFINITIVA', NULL),
  (186, 186, 5, 8, 1, CURRENT_DATE, 'DEFINITIVA', NULL),
  (187, 187, 5, 9, 1, CURRENT_DATE, 'DEFINITIVA', NULL),
  (188, 188, 5, 9, 1, CURRENT_DATE, 'DEFINITIVA', NULL),
  (189, 189, 5, 9, 1, CURRENT_DATE, 'DEFINITIVA', NULL),
  (190, 190, 5, 9, 1, CURRENT_DATE, 'DEFINITIVA', NULL),
  (191, 191, 5, 9, 1, CURRENT_DATE, 'DEFINITIVA', NULL),
  (192, 192, 5, 9, 1, CURRENT_DATE, 'DEFINITIVA', NULL),
  (193, 193, 5, 9, 1, CURRENT_DATE, 'DEFINITIVA', NULL),
  (194, 194, 5, 9, 1, CURRENT_DATE, 'DEFINITIVA', NULL),
  (195, 195, 5, 9, 1, CURRENT_DATE, 'DEFINITIVA', NULL),
  (196, 196, 5, 9, 1, CURRENT_DATE, 'DEFINITIVA', NULL),
  (197, 197, 5, 9, 1, CURRENT_DATE, 'DEFINITIVA', NULL),
  (198, 198, 5, 9, 1, CURRENT_DATE, 'DEFINITIVA', NULL),
  (199, 199, 5, 9, 1, CURRENT_DATE, 'DEFINITIVA', NULL),
  (200, 200, 5, 9, 1, CURRENT_DATE, 'DEFINITIVA', NULL),
  (201, 201, 5, 9, 1, CURRENT_DATE, 'DEFINITIVA', NULL),
  (202, 202, 5, 9, 1, CURRENT_DATE, 'DEFINITIVA', NULL),
  (203, 203, 8, 14, 1, CURRENT_DATE, 'DEFINITIVA', NULL),
  (204, 204, 8, 14, 1, CURRENT_DATE, 'DEFINITIVA', NULL),
  (205, 205, 8, 14, 1, CURRENT_DATE, 'DEFINITIVA', NULL),
  (206, 206, 8, 14, 1, CURRENT_DATE, 'DEFINITIVA', NULL),
  (207, 207, 8, 14, 1, CURRENT_DATE, 'DEFINITIVA', NULL),
  (208, 208, 8, 14, 1, CURRENT_DATE, 'DEFINITIVA', NULL),
  (209, 209, 8, 14, 1, CURRENT_DATE, 'DEFINITIVA', NULL),
  (210, 210, 8, 14, 1, CURRENT_DATE, 'DEFINITIVA', NULL),
  (211, 211, 8, 14, 1, CURRENT_DATE, 'DEFINITIVA', NULL),
  (212, 212, 8, 14, 1, CURRENT_DATE, 'DEFINITIVA', NULL),
  (213, 213, 8, 14, 1, CURRENT_DATE, 'DEFINITIVA', NULL),
  (214, 214, 8, 14, 1, CURRENT_DATE, 'DEFINITIVA', NULL),
  (215, 215, 8, 14, 1, CURRENT_DATE, 'DEFINITIVA', NULL),
  (216, 216, 8, 14, 1, CURRENT_DATE, 'DEFINITIVA', NULL),
  (217, 217, 8, 14, 1, CURRENT_DATE, 'DEFINITIVA', NULL),
  (218, 218, 8, 14, 1, CURRENT_DATE, 'DEFINITIVA', NULL),
  (219, 219, 8, 14, 1, CURRENT_DATE, 'DEFINITIVA', NULL),
  (220, 220, 8, 14, 1, CURRENT_DATE, 'DEFINITIVA', NULL),
  (221, 221, 8, 14, 1, CURRENT_DATE, 'DEFINITIVA', NULL),
  (222, 222, 8, 14, 1, CURRENT_DATE, 'DEFINITIVA', NULL),
  (223, 223, 8, 14, 1, CURRENT_DATE, 'DEFINITIVA', NULL),
  (224, 224, 8, 14, 1, CURRENT_DATE, 'DEFINITIVA', NULL),
  (225, 225, 8, 14, 1, CURRENT_DATE, 'DEFINITIVA', NULL),
  (226, 226, 8, 14, 1, CURRENT_DATE, 'DEFINITIVA', NULL),
  (227, 227, 8, 14, 1, CURRENT_DATE, 'DEFINITIVA', NULL),
  (228, 228, 8, 14, 1, CURRENT_DATE, 'DEFINITIVA', NULL),
  (229, 229, 8, 14, 1, CURRENT_DATE, 'DEFINITIVA', NULL),
  (230, 230, 8, 15, 1, CURRENT_DATE, 'DEFINITIVA', NULL),
  (231, 231, 8, 15, 1, CURRENT_DATE, 'DEFINITIVA', NULL),
  (232, 232, 8, 15, 1, CURRENT_DATE, 'DEFINITIVA', NULL),
  (233, 233, 8, 15, 1, CURRENT_DATE, 'DEFINITIVA', NULL),
  (234, 234, 8, 15, 1, CURRENT_DATE, 'DEFINITIVA', NULL),
  (235, 235, 8, 15, 1, CURRENT_DATE, 'DEFINITIVA', NULL),
  (236, 236, 8, 15, 1, CURRENT_DATE, 'DEFINITIVA', NULL),
  (237, 237, 8, 15, 1, CURRENT_DATE, 'DEFINITIVA', NULL),
  (238, 238, 8, 15, 1, CURRENT_DATE, 'DEFINITIVA', NULL),
  (239, 239, 8, 15, 1, CURRENT_DATE, 'DEFINITIVA', NULL),
  (240, 240, 8, 15, 1, CURRENT_DATE, 'DEFINITIVA', NULL),
  (241, 241, 8, 15, 1, CURRENT_DATE, 'DEFINITIVA', NULL),
  (242, 242, 8, 15, 1, CURRENT_DATE, 'DEFINITIVA', NULL),
  (243, 243, 8, 15, 1, CURRENT_DATE, 'DEFINITIVA', NULL),
  (244, 244, 8, 15, 1, CURRENT_DATE, 'DEFINITIVA', NULL),
  (245, 245, 8, 15, 1, CURRENT_DATE, 'DEFINITIVA', NULL),
  (246, 246, 8, 15, 1, CURRENT_DATE, 'DEFINITIVA', NULL),
  (247, 247, 8, 15, 1, CURRENT_DATE, 'DEFINITIVA', NULL),
  (248, 248, 8, 15, 1, CURRENT_DATE, 'DEFINITIVA', NULL),
  (249, 249, 8, 15, 1, CURRENT_DATE, 'DEFINITIVA', NULL),
  (250, 250, 8, 15, 1, CURRENT_DATE, 'DEFINITIVA', NULL),
  (251, 251, 8, 15, 1, CURRENT_DATE, 'DEFINITIVA', NULL),
  (252, 252, 8, 15, 1, CURRENT_DATE, 'DEFINITIVA', NULL),
  (253, 253, 8, 15, 1, CURRENT_DATE, 'DEFINITIVA', NULL),
  (254, 254, 8, 15, 1, CURRENT_DATE, 'DEFINITIVA', NULL),
  (255, 255, 8, 15, 1, CURRENT_DATE, 'DEFINITIVA', NULL),
  (256, 256, 8, 15, 1, CURRENT_DATE, 'DEFINITIVA', NULL),
  (257, 257, 8, 15, 1, CURRENT_DATE, 'DEFINITIVA', NULL),
  (258, 258, 10, 18, 1, CURRENT_DATE, 'DEFINITIVA', NULL),
  (259, 259, 10, 18, 1, CURRENT_DATE, 'DEFINITIVA', NULL),
  (260, 260, 10, 18, 1, CURRENT_DATE, 'DEFINITIVA', NULL),
  (261, 261, 10, 18, 1, CURRENT_DATE, 'DEFINITIVA', NULL),
  (262, 262, 10, 18, 1, CURRENT_DATE, 'DEFINITIVA', NULL),
  (263, 263, 10, 18, 1, CURRENT_DATE, 'DEFINITIVA', NULL),
  (264, 264, 10, 18, 1, CURRENT_DATE, 'DEFINITIVA', NULL),
  (265, 265, 10, 18, 1, CURRENT_DATE, 'DEFINITIVA', NULL),
  (266, 266, 10, 18, 1, CURRENT_DATE, 'DEFINITIVA', NULL),
  (267, 267, 10, 18, 1, CURRENT_DATE, 'DEFINITIVA', NULL),
  (268, 268, 10, 18, 1, CURRENT_DATE, 'DEFINITIVA', NULL),
  (269, 269, 10, 18, 1, CURRENT_DATE, 'DEFINITIVA', NULL),
  (270, 270, 10, 18, 1, CURRENT_DATE, 'DEFINITIVA', NULL),
  (271, 271, 10, 18, 1, CURRENT_DATE, 'DEFINITIVA', NULL),
  (272, 272, 10, 18, 1, CURRENT_DATE, 'DEFINITIVA', NULL),
  (273, 273, 10, 18, 1, CURRENT_DATE, 'DEFINITIVA', NULL),
  (274, 274, 10, 18, 1, CURRENT_DATE, 'DEFINITIVA', NULL),
  (275, 275, 10, 18, 1, CURRENT_DATE, 'DEFINITIVA', NULL),
  (276, 276, 10, 18, 1, CURRENT_DATE, 'DEFINITIVA', NULL),
  (277, 277, 10, 18, 1, CURRENT_DATE, 'DEFINITIVA', NULL),
  (278, 278, 10, 18, 1, CURRENT_DATE, 'DEFINITIVA', NULL),
  (279, 279, 10, 18, 1, CURRENT_DATE, 'DEFINITIVA', NULL),
  (280, 280, 10, 18, 1, CURRENT_DATE, 'DEFINITIVA', NULL),
  (281, 281, 10, 18, 1, CURRENT_DATE, 'DEFINITIVA', NULL),
  (282, 282, 10, 18, 1, CURRENT_DATE, 'DEFINITIVA', NULL),
  (283, 283, 10, 19, 1, CURRENT_DATE, 'DEFINITIVA', NULL),
  (284, 284, 10, 19, 1, CURRENT_DATE, 'DEFINITIVA', NULL),
  (285, 285, 10, 19, 1, CURRENT_DATE, 'DEFINITIVA', NULL),
  (286, 286, 10, 19, 1, CURRENT_DATE, 'DEFINITIVA', NULL),
  (287, 287, 10, 19, 1, CURRENT_DATE, 'DEFINITIVA', NULL),
  (288, 288, 10, 19, 1, CURRENT_DATE, 'DEFINITIVA', NULL),
  (289, 289, 10, 19, 1, CURRENT_DATE, 'DEFINITIVA', NULL),
  (290, 290, 10, 19, 1, CURRENT_DATE, 'DEFINITIVA', NULL),
  (291, 291, 10, 19, 1, CURRENT_DATE, 'DEFINITIVA', NULL),
  (292, 292, 10, 19, 1, CURRENT_DATE, 'DEFINITIVA', NULL),
  (293, 293, 10, 19, 1, CURRENT_DATE, 'DEFINITIVA', NULL),
  (294, 294, 10, 19, 1, CURRENT_DATE, 'DEFINITIVA', NULL),
  (295, 295, 10, 19, 1, CURRENT_DATE, 'DEFINITIVA', NULL),
  (296, 296, 10, 19, 1, CURRENT_DATE, 'DEFINITIVA', NULL),
  (297, 297, 10, 19, 1, CURRENT_DATE, 'DEFINITIVA', NULL),
  (298, 298, 10, 19, 1, CURRENT_DATE, 'DEFINITIVA', NULL),
  (299, 299, 10, 19, 1, CURRENT_DATE, 'DEFINITIVA', NULL),
  (300, 300, 10, 19, 1, CURRENT_DATE, 'DEFINITIVA', NULL),
  (301, 301, 10, 19, 1, CURRENT_DATE, 'DEFINITIVA', NULL),
  (302, 302, 10, 19, 1, CURRENT_DATE, 'DEFINITIVA', NULL),
  (303, 303, 10, 19, 1, CURRENT_DATE, 'DEFINITIVA', NULL),
  (304, 304, 10, 19, 1, CURRENT_DATE, 'DEFINITIVA', NULL),
  (305, 305, 10, 19, 1, CURRENT_DATE, 'DEFINITIVA', NULL),
  (306, 306, 10, 19, 1, CURRENT_DATE, 'DEFINITIVA', NULL),
  (307, 307, 10, 19, 1, CURRENT_DATE, 'DEFINITIVA', NULL),
  (308, 308, 10, 19, 1, CURRENT_DATE, 'DEFINITIVA', NULL),
  (309, 309, 11, 20, 1, CURRENT_DATE, 'DEFINITIVA', NULL),
  (310, 310, 11, 20, 1, CURRENT_DATE, 'DEFINITIVA', NULL),
  (311, 311, 11, 20, 1, CURRENT_DATE, 'DEFINITIVA', NULL),
  (312, 312, 11, 20, 1, CURRENT_DATE, 'DEFINITIVA', NULL),
  (313, 313, 11, 20, 1, CURRENT_DATE, 'DEFINITIVA', NULL),
  (314, 314, 11, 20, 1, CURRENT_DATE, 'DEFINITIVA', NULL),
  (315, 315, 11, 20, 1, CURRENT_DATE, 'DEFINITIVA', NULL),
  (316, 316, 11, 20, 1, CURRENT_DATE, 'DEFINITIVA', NULL),
  (317, 317, 11, 20, 1, CURRENT_DATE, 'DEFINITIVA', NULL),
  (318, 318, 11, 20, 1, CURRENT_DATE, 'DEFINITIVA', NULL),
  (319, 319, 11, 20, 1, CURRENT_DATE, 'DEFINITIVA', NULL),
  (320, 320, 11, 20, 1, CURRENT_DATE, 'DEFINITIVA', NULL),
  (321, 321, 11, 20, 1, CURRENT_DATE, 'DEFINITIVA', NULL),
  (322, 322, 11, 20, 1, CURRENT_DATE, 'DEFINITIVA', NULL),
  (323, 323, 11, 20, 1, CURRENT_DATE, 'DEFINITIVA', NULL),
  (324, 324, 11, 20, 1, CURRENT_DATE, 'DEFINITIVA', NULL),
  (325, 325, 11, 20, 1, CURRENT_DATE, 'DEFINITIVA', NULL),
  (326, 326, 11, 20, 1, CURRENT_DATE, 'DEFINITIVA', NULL),
  (327, 327, 11, 20, 1, CURRENT_DATE, 'DEFINITIVA', NULL),
  (328, 328, 11, 20, 1, CURRENT_DATE, 'DEFINITIVA', NULL),
  (329, 329, 11, 20, 1, CURRENT_DATE, 'DEFINITIVA', NULL),
  (330, 330, 11, 20, 1, CURRENT_DATE, 'DEFINITIVA', NULL),
  (331, 331, 11, 20, 1, CURRENT_DATE, 'DEFINITIVA', NULL),
  (332, 332, 11, 20, 1, CURRENT_DATE, 'DEFINITIVA', NULL),
  (333, 333, 11, 20, 1, CURRENT_DATE, 'DEFINITIVA', NULL),
  (334, 334, 11, 20, 1, CURRENT_DATE, 'DEFINITIVA', NULL),
  (335, 335, 11, 20, 1, CURRENT_DATE, 'DEFINITIVA', NULL),
  (336, 336, 11, 20, 1, CURRENT_DATE, 'DEFINITIVA', NULL),
  (337, 337, 11, 20, 1, CURRENT_DATE, 'DEFINITIVA', NULL),
  (338, 338, 11, 20, 1, CURRENT_DATE, 'DEFINITIVA', NULL),
  (339, 339, 11, 20, 1, CURRENT_DATE, 'DEFINITIVA', NULL),
  (340, 340, 11, 21, 1, CURRENT_DATE, 'DEFINITIVA', NULL),
  (341, 341, 11, 21, 1, CURRENT_DATE, 'DEFINITIVA', NULL),
  (342, 342, 11, 21, 1, CURRENT_DATE, 'DEFINITIVA', NULL),
  (343, 343, 11, 21, 1, CURRENT_DATE, 'DEFINITIVA', NULL),
  (344, 344, 11, 21, 1, CURRENT_DATE, 'DEFINITIVA', NULL),
  (345, 345, 11, 21, 1, CURRENT_DATE, 'DEFINITIVA', NULL),
  (346, 346, 11, 21, 1, CURRENT_DATE, 'DEFINITIVA', NULL),
  (347, 347, 11, 21, 1, CURRENT_DATE, 'DEFINITIVA', NULL),
  (348, 348, 11, 21, 1, CURRENT_DATE, 'DEFINITIVA', NULL),
  (349, 349, 11, 21, 1, CURRENT_DATE, 'DEFINITIVA', NULL),
  (350, 350, 11, 21, 1, CURRENT_DATE, 'DEFINITIVA', NULL),
  (351, 351, 11, 21, 1, CURRENT_DATE, 'DEFINITIVA', NULL),
  (352, 352, 11, 21, 1, CURRENT_DATE, 'DEFINITIVA', NULL),
  (353, 353, 11, 21, 1, CURRENT_DATE, 'DEFINITIVA', NULL),
  (354, 354, 11, 21, 1, CURRENT_DATE, 'DEFINITIVA', NULL),
  (355, 355, 11, 21, 1, CURRENT_DATE, 'DEFINITIVA', NULL),
  (356, 356, 11, 21, 1, CURRENT_DATE, 'DEFINITIVA', NULL),
  (357, 357, 11, 21, 1, CURRENT_DATE, 'DEFINITIVA', NULL),
  (358, 358, 11, 21, 1, CURRENT_DATE, 'DEFINITIVA', NULL),
  (359, 359, 11, 21, 1, CURRENT_DATE, 'DEFINITIVA', NULL),
  (360, 360, 11, 21, 1, CURRENT_DATE, 'DEFINITIVA', NULL),
  (361, 361, 11, 21, 1, CURRENT_DATE, 'DEFINITIVA', NULL),
  (362, 362, 11, 21, 1, CURRENT_DATE, 'DEFINITIVA', NULL),
  (363, 363, 11, 21, 1, CURRENT_DATE, 'DEFINITIVA', NULL),
  (364, 364, 11, 21, 1, CURRENT_DATE, 'DEFINITIVA', NULL),
  (365, 365, 11, 21, 1, CURRENT_DATE, 'DEFINITIVA', NULL),
  (366, 366, 11, 21, 1, CURRENT_DATE, 'DEFINITIVA', NULL),
  (367, 367, 11, 21, 1, CURRENT_DATE, 'DEFINITIVA', NULL),
  (368, 368, 7, 12, 1, CURRENT_DATE, 'DEFINITIVA', NULL),
  (369, 369, 7, 12, 1, CURRENT_DATE, 'DEFINITIVA', NULL),
  (370, 370, 7, 12, 1, CURRENT_DATE, 'DEFINITIVA', NULL),
  (371, 371, 7, 12, 1, CURRENT_DATE, 'DEFINITIVA', NULL),
  (372, 372, 7, 12, 1, CURRENT_DATE, 'DEFINITIVA', NULL),
  (373, 373, 7, 12, 1, CURRENT_DATE, 'DEFINITIVA', NULL),
  (374, 374, 7, 12, 1, CURRENT_DATE, 'DEFINITIVA', NULL),
  (375, 375, 7, 12, 1, CURRENT_DATE, 'DEFINITIVA', NULL),
  (376, 376, 7, 12, 1, CURRENT_DATE, 'DEFINITIVA', NULL),
  (377, 377, 7, 12, 1, CURRENT_DATE, 'DEFINITIVA', NULL),
  (378, 378, 7, 12, 1, CURRENT_DATE, 'DEFINITIVA', NULL),
  (379, 379, 7, 12, 1, CURRENT_DATE, 'DEFINITIVA', NULL),
  (380, 380, 7, 12, 1, CURRENT_DATE, 'DEFINITIVA', NULL),
  (381, 381, 7, 12, 1, CURRENT_DATE, 'DEFINITIVA', NULL),
  (382, 382, 7, 12, 1, CURRENT_DATE, 'DEFINITIVA', NULL),
  (383, 383, 7, 12, 1, CURRENT_DATE, 'DEFINITIVA', NULL),
  (384, 384, 7, 12, 1, CURRENT_DATE, 'DEFINITIVA', NULL),
  (385, 385, 7, 12, 1, CURRENT_DATE, 'DEFINITIVA', NULL),
  (386, 386, 7, 12, 1, CURRENT_DATE, 'DEFINITIVA', NULL),
  (387, 387, 7, 12, 1, CURRENT_DATE, 'DEFINITIVA', NULL),
  (388, 388, 7, 12, 1, CURRENT_DATE, 'DEFINITIVA', NULL),
  (389, 389, 7, 13, 1, CURRENT_DATE, 'DEFINITIVA', NULL),
  (390, 390, 7, 13, 1, CURRENT_DATE, 'DEFINITIVA', NULL),
  (391, 391, 7, 13, 1, CURRENT_DATE, 'DEFINITIVA', NULL),
  (392, 392, 7, 13, 1, CURRENT_DATE, 'DEFINITIVA', NULL),
  (393, 393, 7, 13, 1, CURRENT_DATE, 'DEFINITIVA', NULL),
  (394, 394, 7, 13, 1, CURRENT_DATE, 'DEFINITIVA', NULL),
  (395, 395, 7, 13, 1, CURRENT_DATE, 'DEFINITIVA', NULL),
  (396, 396, 7, 13, 1, CURRENT_DATE, 'DEFINITIVA', NULL),
  (397, 397, 7, 13, 1, CURRENT_DATE, 'DEFINITIVA', NULL),
  (398, 398, 7, 13, 1, CURRENT_DATE, 'DEFINITIVA', NULL),
  (399, 399, 7, 13, 1, CURRENT_DATE, 'DEFINITIVA', NULL),
  (400, 400, 7, 13, 1, CURRENT_DATE, 'DEFINITIVA', NULL),
  (401, 401, 7, 13, 1, CURRENT_DATE, 'DEFINITIVA', NULL),
  (402, 402, 7, 13, 1, CURRENT_DATE, 'DEFINITIVA', NULL),
  (403, 403, 7, 13, 1, CURRENT_DATE, 'DEFINITIVA', NULL),
  (404, 404, 7, 13, 1, CURRENT_DATE, 'DEFINITIVA', NULL),
  (405, 405, 7, 13, 1, CURRENT_DATE, 'DEFINITIVA', NULL),
  (406, 406, 7, 13, 1, CURRENT_DATE, 'DEFINITIVA', NULL),
  (407, 407, 7, 13, 1, CURRENT_DATE, 'DEFINITIVA', NULL),
  (408, 408, 7, 13, 1, CURRENT_DATE, 'DEFINITIVA', NULL),
  (409, 409, 9, 16, 1, CURRENT_DATE, 'DEFINITIVA', NULL),
  (410, 410, 9, 16, 1, CURRENT_DATE, 'DEFINITIVA', NULL),
  (411, 411, 9, 16, 1, CURRENT_DATE, 'DEFINITIVA', NULL),
  (412, 412, 9, 16, 1, CURRENT_DATE, 'DEFINITIVA', NULL),
  (413, 413, 9, 16, 1, CURRENT_DATE, 'DEFINITIVA', NULL),
  (414, 414, 9, 16, 1, CURRENT_DATE, 'DEFINITIVA', NULL),
  (415, 415, 9, 16, 1, CURRENT_DATE, 'DEFINITIVA', NULL),
  (416, 416, 9, 16, 1, CURRENT_DATE, 'DEFINITIVA', NULL),
  (417, 417, 9, 16, 1, CURRENT_DATE, 'DEFINITIVA', NULL),
  (418, 418, 9, 16, 1, CURRENT_DATE, 'DEFINITIVA', NULL),
  (419, 419, 9, 16, 1, CURRENT_DATE, 'DEFINITIVA', NULL),
  (420, 420, 9, 16, 1, CURRENT_DATE, 'DEFINITIVA', NULL),
  (421, 421, 9, 16, 1, CURRENT_DATE, 'DEFINITIVA', NULL),
  (422, 422, 9, 16, 1, CURRENT_DATE, 'DEFINITIVA', NULL),
  (423, 423, 9, 16, 1, CURRENT_DATE, 'DEFINITIVA', NULL),
  (424, 424, 9, 16, 1, CURRENT_DATE, 'DEFINITIVA', NULL),
  (425, 425, 9, 16, 1, CURRENT_DATE, 'DEFINITIVA', NULL),
  (426, 426, 9, 16, 1, CURRENT_DATE, 'DEFINITIVA', NULL),
  (427, 427, 9, 16, 1, CURRENT_DATE, 'DEFINITIVA', NULL),
  (428, 428, 9, 16, 1, CURRENT_DATE, 'DEFINITIVA', NULL),
  (429, 429, 9, 16, 1, CURRENT_DATE, 'DEFINITIVA', NULL),
  (430, 430, 9, 16, 1, CURRENT_DATE, 'DEFINITIVA', NULL),
  (431, 431, 9, 16, 1, CURRENT_DATE, 'DEFINITIVA', NULL),
  (432, 432, 9, 16, 1, CURRENT_DATE, 'DEFINITIVA', NULL),
  (433, 433, 9, 17, 1, CURRENT_DATE, 'DEFINITIVA', NULL),
  (434, 434, 9, 17, 1, CURRENT_DATE, 'DEFINITIVA', NULL),
  (435, 435, 9, 17, 1, CURRENT_DATE, 'DEFINITIVA', NULL),
  (436, 436, 9, 17, 1, CURRENT_DATE, 'DEFINITIVA', NULL),
  (437, 437, 9, 17, 1, CURRENT_DATE, 'DEFINITIVA', NULL),
  (438, 438, 9, 17, 1, CURRENT_DATE, 'DEFINITIVA', NULL),
  (439, 439, 9, 17, 1, CURRENT_DATE, 'DEFINITIVA', NULL),
  (440, 440, 9, 17, 1, CURRENT_DATE, 'DEFINITIVA', NULL),
  (441, 441, 9, 17, 1, CURRENT_DATE, 'DEFINITIVA', NULL),
  (442, 442, 9, 17, 1, CURRENT_DATE, 'DEFINITIVA', NULL),
  (443, 443, 9, 17, 1, CURRENT_DATE, 'DEFINITIVA', NULL),
  (444, 444, 9, 17, 1, CURRENT_DATE, 'DEFINITIVA', NULL),
  (445, 445, 9, 17, 1, CURRENT_DATE, 'DEFINITIVA', NULL),
  (446, 446, 9, 17, 1, CURRENT_DATE, 'DEFINITIVA', NULL),
  (447, 447, 9, 17, 1, CURRENT_DATE, 'DEFINITIVA', NULL),
  (448, 448, 9, 17, 1, CURRENT_DATE, 'DEFINITIVA', NULL),
  (449, 449, 9, 17, 1, CURRENT_DATE, 'DEFINITIVA', NULL),
  (450, 450, 9, 17, 1, CURRENT_DATE, 'DEFINITIVA', NULL),
  (451, 451, 9, 17, 1, CURRENT_DATE, 'DEFINITIVA', NULL),
  (452, 452, 9, 17, 1, CURRENT_DATE, 'DEFINITIVA', NULL),
  (453, 453, 9, 17, 1, CURRENT_DATE, 'DEFINITIVA', NULL),
  (454, 454, 9, 17, 1, CURRENT_DATE, 'DEFINITIVA', NULL),
  (455, 455, 9, 17, 1, CURRENT_DATE, 'DEFINITIVA', NULL),
  (456, 456, 9, 17, 1, CURRENT_DATE, 'DEFINITIVA', NULL),
  (457, 457, 9, 17, 1, CURRENT_DATE, 'DEFINITIVA', NULL)
ON CONFLICT (estudiante_id, anio_id) DO NOTHING;

SELECT setval('matriculas_id_seq', 457);